rule_name,description,benchmark,gpt_answer,gpt_configuration,tag,gpt_Js_each_rule_map
2.1 File name,"File names must be all lowercase and may include underscores ( `_` ) or dashes ( `-` ), but no additional punctuation. Follow the convention that your project uses. Filenames¡¯ extension must be `.js` .","[{}, {}]",No,"{""Answer"": ""No""}",y_or_n is not Yes,None
2.2 File encoding: UTF-8,Source files are encoded in UTF-8 .,"[{}, {}]",Yes,{},valid config part,None
2.3.1 Whitespace characters,"Aside from the line terminator sequence, the ASCII horizontal space character (0x20) is the only whitespace character that appears anywhere in a source file. This implies that
All other whitespace characters in string literals are escaped, and 
Tab characters are not used for indentation.","[{'no-irregular-whitespace': 'error', 'no-tabs': 'error'}, {'no-irregular-whitespace': ['error', {'skipStrings': 'OurSetDefault'}], 'no-tabs': ['error', {'allowIndentationTabs': False}]}]",Yes,"{'no-tabs': ['error', {'allowIndentationTabs': False}]}",valid config part,"None

None

RuleName: no-tabs;
Option Rule: allowIndentationTabs, false;
Set Values for related option values:
allowIndentationTabs, false;"
2.3.2 Special escape sequences,"For any character that has a special escape sequence ( `\'` , `\""` , `\\` , `\b` , `\f` , `\n` , `\r` , `\t` , `\v` ), that sequence is used rather than the corresponding numeric escape (e.g `\x0a` , `\u000a` , or `\u{a}` ). Legacy octal escapes are never used.","[{'no-octal-escape': 'error'}, {'no-octal-escape': 'error'}]",No,"{""Answer"": ""No""}",y_or_n is not Yes,"None

RuleName: no-octal-escape
Set Values for related option values: 
None"
2.3.3 Non-ASCII characters,"For the remaining non-ASCII characters, either the actual Unicode character (e.g. `¡Þ` ) or the equivalent hex or Unicode escape (e.g. `\u221e` ) is used, depending only on which makes the code easier to read and understand .
Tip: In the Unicode escape case, and occasionally even when actual Unicode characters are used, an explanatory comment can be very helpful.
/* Best: perfectly clear even without a comment. */
const units = '¦Ìs';

/* Allowed: but unnecessary as ¦Ì is a printable character. */
const units = '\u03bcs'; // '¦Ìs'

/* Good: use escapes for non-printable characters with a comment for clarity. */
return '\ufeff' + content;  // Prepend a byte order mark.

/* Poor: the reader has no idea what character this is. */
const units = '\u03bcs';

Tip: Never make your code less readable simply out of fear that some programs might not handle non-ASCII characters properly. If that happens, those programs are broken and they must be fixed .","[{}, {}]",No,"{""Answer"": ""No""}",y_or_n is not Yes,None
3 Source file structure,"All new source files should either be a `goog.module` file (a file containing a `goog.module` call) or an ECMAScript (ES) module (uses `import` and `export` statements). Files consist of the following, in order :
License or copyright information, if present 
`@fileoverview` JSDoc, if present 
`goog.module` statement, if a `goog.module` file 
ES `import` statements, if an ES module 
`goog.require` and `goog.requireType` statements 
The file¡¯s implementation
Exactly one blank line separates each section that is present, except the file's implementation, which may be preceded by 1 or 2 blank lines.","[{}, {}]",No,"{""Answer"": ""No""}",y_or_n is not Yes,"None
None
None
None
None
None
None
None
RuleName: padding-line-between-statements;
Option Rule: blankLine, always;
Option Rule: prev, [""LicenseInfo"", ""FileOverviewJSDoc"", ""GoogModuleStatement"", ""ESImportStatements"", ""GoogRequireStatements""];
Option Rule: next, [""LicenseInfo"", ""FileOverviewJSDoc"", ""GoogModuleStatement"", ""ESImportStatements"", ""GoogRequireStatements""];
Set Values for related option values:
blankLine, always;
prev, [""LicenseInfo"", ""FileOverviewJSDoc"", ""GoogModuleStatement"", ""ESImportStatements"", ""GoogRequireStatements""];
next, [""LicenseInfo"", ""FileOverviewJSDoc"", ""GoogModuleStatement"", ""ESImportStatements"", ""GoogRequireStatements""];

RuleName: padding-line-between-statements;
Option Rule: blankLine, always;
Option Rule: prev, [""FileImplementation""];
Option Rule: next, [""FileImplementation""];
Set Values for related option values:
blankLine, always;
prev, [""FileImplementation""];
next, [""FileImplementation""];

None"
"3.1 License or copyright information, if present","If license or copyright information belongs in a file, it belongs here.","[{}, {}]",No,"{""Answer"": ""No""}",y_or_n is not Yes,None
3.3 goog.module statement,"All `goog.module` files must declare exactly one `goog.module` name on a single line: lines containing a `goog.module` declaration must not be wrapped, and are therefore an exception to the 80-column limit.
The entire argument to goog.module is what defines a namespace. It is the package name (an identifier that reflects the fragment of the directory structure where the code lives) plus, optionally, the main class/enum/interface that it defines concatenated to the end.
Example
goog.module('search.urlHistory.UrlHistoryService');","[{'max-len': ['error', {'ignorePattern': 'OurSetDefault'}]}, {'max-len': ['error', {'code': 'OurSetDefault', 'tabWidth': 'OurSetDefault', 'comments': 'OurSetDefault', 'ignoreTrailingComments': 'OurSetDefault', 'ignorePattern': 'OurSetDefault', 'ignoreComments': 'OurSetDefault', 'ignoreUrls': 'OurSetDefault', 'ignoreStrings': 'OurSetDefault', 'ignoreTemplateLiterals': 'OurSetDefault', 'ignoreRegExpLiterals': 'OurSetDefault'}]}]",Yes,"{'max-len': ['error', {'ignorePattern': '/goog\\.module/'}]}",valid config part,None
3.3.1 Hierarchy,"Module namespaces may never be named as a direct child of another module's namespace.
Disallowed:
goog.module('foo.bar');   // 'foo.bar.qux' would be fine, though
goog.module('foo.bar.baz');

The directory hierarchy reflects the namespace hierarchy, so that deeper-nested children are subdirectories of higher-level parent directories. Note that this implies that owners of ¡°parent¡± namespace groups are necessarily aware of all child namespaces, since they exist in the same directory.","[{}, {}]",No,"{""Answer"": ""No""}",y_or_n is not Yes,None
3.3.2 goog.module.declareLegacyNamespace,"The single `goog.module` statement may optionally be followed by a call to `goog.module.declareLegacyNamespace();` . Avoid `goog.module.declareLegacyNamespace()` when possible.
Example:
goog.module('my.test.helpers');
goog.module.declareLegacyNamespace();
goog.setTestOnly();

`goog.module.declareLegacyNamespace` exists to ease the transition from traditional object hierarchy-based namespaces but comes with some naming restrictions. As the child module name must be created after the parent namespace, this name must not be a child or parent of any other `goog.module` (for example, `goog.module('parent');` and `goog.module('parent.child');` cannot both exist safely, nor can `goog.module('parent');` and `goog.module('parent.child.grandchild');` ).","[{}, {}]",No,"{""Answer"": ""No""}",y_or_n is not Yes,None
3.3.3 goog.module Exports,"Classes, enums, functions, constants, and other symbols are exported using the `exports` object. Exported symbols may be defined directly on the `exports` object, or else declared locally and exported separately. Symbols are only exported if they are meant to be used outside the module. Non-exported module-local symbols are not declared `@private` nor do their names end with an underscore. There is no prescribed ordering for exported and module-local symbols.
Examples:
const /** !Array<number> */ exportedArray = [1, 2, 3];

const /** !Array<number> */ moduleLocalArray = [4, 5, 6];

/** @return {number} */
function moduleLocalFunction() {
  return moduleLocalArray.length;
}

/** @return {number} */
function exportedFunction() {
  return moduleLocalFunction() * 2;
}

exports = {exportedArray, exportedFunction};

/** @const {number} */
exports.CONSTANT_ONE = 1;

/** @const {string} */
exports.CONSTANT_TWO = 'Another constant';

Do not annotate the `exports` object as `@const` as it is already treated as a constant by the compiler.
/** @const */
exports = {exportedFunction};","[{}, {}]",No,"{""Answer"": ""No""}",y_or_n is not Yes,"None

None

None

RuleName: no-underscore-dangle;
Set Values for related option values:
allow: [];
allowAfterThis: false;
allowAfterSuper: false;
allowAfterThisConstructor: false;
enforceInMethodNames: true;
enforceInClassFields: true;
allowInArrayDestructuring: false;
allowInObjectDestructuring: false;
allowFunctionParams: false;

None

None"
3.4.1 Imports,Import statements must not be line wrapped and are therefore an exception to the 80-column limit.,"[{'max-len': ['error', {'code': 80, 'tabWidth': 'OurSetDefault', 'comments': 'OurSetDefault', 'ignoreTrailingComments': 'OurSetDefault', 'ignorePattern': 'OurSetDefault', 'ignoreComments': 'OurSetDefault', 'ignoreUrls': 'OurSetDefault', 'ignoreStrings': 'OurSetDefault', 'ignoreTemplateLiterals': 'OurSetDefault', 'ignoreRegExpLiterals': 'OurSetDefault'}]}, {'max-len': ['error', {'code': 80, 'tabWidth': 'OurSetDefault', 'comments': 'OurSetDefault', 'ignoreTrailingComments': 'OurSetDefault', 'ignorePattern': 'OurSetDefault', 'ignoreComments': 'OurSetDefault', 'ignoreUrls': 'OurSetDefault', 'ignoreStrings': 'OurSetDefault', 'ignoreTemplateLiterals': 'OurSetDefault', 'ignoreRegExpLiterals': 'OurSetDefault'}]}]",Yes,"{'max-len': ['error', {'code': 80, 'ignorePattern': '^import\\s.+\\sfrom\\s.+;$'}]}",valid config part,"RuleName: max-len;
Option Rule: code, 80;
Option Rule: ignorePattern, '^import\\s.+\\sfrom\\s.+;$';
Set Values for related option values:
code, 80;
ignorePattern, '^import\\s.+\\sfrom\\s.+;$';"
3.4.1.1 Import paths,"ES module files must use the `import` statement to import other ES module files. Do not `goog.require` another ES module.
import './sideeffects.js';

import * as goog from '../closure/goog/goog.js';
import * as parent from '../parent.js';

import {name} from './sibling.js';
","[{'no-restricted-syntax': [{'selector': 'CallExpression[callee.object.name=""goog""][callee.property.name=""require""]', 'message': 'OurSetDefault'}]}, {'no-restricted-syntax': [{'selector': 'CallExpression[callee.object.name=""goog""][callee.property.name=""require""]', 'message': 'OurSetDefault'}]}]",Yes,"{'no-restricted-syntax': ['error', {'selector': ""CallExpression[callee.name='goog'][callee.property.name='require']"", 'message': 'goog.require is not allowed in ESModules'}]}",valid config part,"```plaintext
RuleName: no-restricted-syntax;
Option Rule: No OptionName, [""CallExpression[callee.name='goog.require']""];
Set Values for related option values:
selector, ""CallExpression[callee.name='goog.require']"";
message, ""Use ESModule import statements instead of goog.require."";
```"
3.4.1.1.1 File extensions in import paths,"The `.js` file extension is not optional in import paths and must always be included.
import '../directory/file';

import '../directory/file.js';
","[{}, {}]",No,"{""Answer"": ""No""}",y_or_n is not Yes,"```plaintext
RuleName: import/extensions;
Option Rule: extensions, ['.js'];
Option Rule: always, true;
Set Values for related option values:
extensions, ['.js'];
always, true;
```"
3.4.1.2 Importing the same file multiple times,"Do not import the same file multiple times. This can make it hard to determine the aggregate imports of a file.
// Imports have the same path, but since it doesn't align it can be hard to see.
import {short} from './long/path/to/a/file.js';
import {aLongNameThatBreaksAlignment} from './long/path/to/a/file.js';
","[{'no-duplicate-imports': ['error', {'includeExports': False}]}, {'no-duplicate-imports': ['error', {'includeExports': False}]}]",Yes,"{'no-duplicate-imports': ['error', {'includeExports': True}]}",valid config part,"RuleName: no-duplicate-imports;
Set Values for related option values:
includeExports: false;"
3.4.1.3.1 Naming module imports,"Module import names ( `import*asname` ) are `lowerCamelCase` names that are derived from the imported file name.
import * as fileOne from '../file-one.js';
import * as fileTwo from '../file_two.js';
import * as fileThree from '../filethree.js';

import * as libString from './lib/string.js';
import * as math from './math/math.js';
import * as vectorMath from './vector/math.js';
","[{'camelcase': ['error', {'ignoreImports': False}]}, {'camelcase': ['error', {'properties': 'OurSetDefault', 'ignoreDestructuring': 'OurSetDefault', 'ignoreImports': False, 'ignoreGlobals': 'OurSetDefault', 'allow': 'OurSetDefault'}]}]",No,"{""Answer"": ""No""}",y_or_n is not Yes,"```plaintext
RuleName: id-match;
Option Rule: onlyDeclarations, true;
Set Values for related option values:
onlyDeclarations, true;

None
```"
3.4.1.3.2 Naming default imports,"Default import names are derived from the imported file name and follow the rules in ?? .
import MyClass from '../my-class.js';
import myFunction from '../my_function.js';
import SOME_CONSTANT from '../someconstant.js';

Note: In general this should not happen as default exports are banned by this style guide, see ?? . Default imports are only used to import modules that do not conform to this style guide.","[{}, {}]",No,"{""Answer"": ""No""}",y_or_n is not Yes,None
3.4.1.3.3 Naming named imports,"In general symbols imported via the named import ( `import{name}` ) should keep the same name. Avoid aliasing imports ( `import{SomeThingasSomeOtherThing}` ). Prefer fixing name collisions by using a module import ( `import*` ) or renaming the exports themselves.
import * as bigAnimals from './biganimals.js';
import * as domesticatedAnimals from './domesticatedanimals.js';

new bigAnimals.Cat();
new domesticatedAnimals.Cat();

If renaming a named import is needed then use components of the imported module's file name or path in the resulting alias.
import {Cat as BigCat} from './biganimals.js';
import {Cat as DomesticatedCat} from './domesticatedanimals.js';

new BigCat();
new DomesticatedCat();
","[{}, {}]",No,"{""Answer"": ""No""}",y_or_n is not Yes,"RuleName: no-useless-rename;
Option Rule: ignoreImport, true;
Set Values for related option values:
ignoreImport: true;

RuleName: no-useless-rename;
Set Values for related option values:
ignoreImport: false;

RuleName: no-useless-rename;
Option Rule: ignoreImport, true;
Option Rule: ignoreExport, true;
Set Values for related option values:
ignoreImport: true;
ignoreExport: true;

RuleName: no-useless-rename;
Option Rule: ignoreImport, true;
Set Values for related option values:
ignoreImport: true;"
3.4.2 Exports,Symbols are only exported if they are meant to be used outside the module. Non-exported module-local symbols are not declared `@private` nor do their names end with an underscore. There is no prescribed ordering for exported and module-local symbols.,"[{}, {}]",No,"{
  ""Answer"": ""No"",
  ""Configuration"": {}
}",y_or_n is not Yes,"RuleName: no-unused-vars;
Set Values for related option values:
vars: all;

None

RuleName: sort-keys;
Option Rule: allowLineSeparatedGroups, true;
Set Values for related option values:
allowLineSeparatedGroups: true;"
3.4.2.1 Named vs default exports,"Use named exports in all code. You can apply the `export` keyword to a declaration, or use the `export{name};` syntax.
Do not use default exports. Importing modules must give a name to these values, which can lead to inconsistencies in naming across modules.
// Do not use default exports:
export default class Foo { ... } // BAD!

// Use named exports:
export class Foo { ... }

// Alternate style named exports:
class Foo { ... }

export {Foo};
","[{'no-restricted-exports': [{'restrictedNamedExports': [], 'restrictDefaultExports': {'direct': True, 'named': False, 'defaultFrom': True, 'namedFrom': False, 'namespaceFrom': True}}]}, {'no-restricted-exports': [{'restrictedNamedExports': [], 'restrictDefaultExports': {'direct': True, 'named': False, 'defaultFrom': True, 'namedFrom': False, 'namespaceFrom': True}}]}]",Yes,"{'no-restricted-exports': ['error', {'restrictDefaultExports': {'direct': True}}]}",valid config part,"None

RuleName: no-restricted-exports;
Option Rule: restrictDefaultExports, direct: true;
Set Values for related option values:
direct: true;

RuleName: no-restricted-exports;
Option Rule: restrictDefaultExports, named: true;
Set Values for related option values:
named: true;

RuleName: no-restricted-exports;
Option Rule: restrictDefaultExports, named: true;
Set Values for related option values:
named: true;"
3.4.2.2 Exporting static container classes and objects,"Do not export container classes or objects with static methods or properties for the sake of namespacing.
// container.js
// Bad: Container is an exported class that has only static methods and fields.
export class Container {
  /** @return {number} */
  static bar() {
    return 1;
  }
}

/** @const {number} */
Container.FOO = 1;

Instead, export individual constants and functions:
/** @return {number} */
export function bar() {
  return 1;
}

export const /** number */ FOO = 1;","[{}, {}]",No,"{""Answer"": ""No""}",y_or_n is not Yes,"RuleName: no-restricted-exports;
Set Values for related option values:
restrictedNamedExports: [""ContainerClass"", ""ObjectWithStaticMethod"", ""StaticProperty""];

None"
3.4.2.3 Mutability of exports,"Exported variables must not be mutated outside of module initialization.
There are alternatives if mutation is needed, including exporting a constant reference to an object that has mutable fields or exporting accessor functions for mutable data.
// Bad: both foo and mutateFoo are exported and mutated.
export let /** number */ foo = 0;

/**
 * Mutates foo.
 */
export function mutateFoo() {
  ++foo;
}

/**
 * @param {function(number): number} newMutateFoo
 */
export function setMutateFoo(newMutateFoo) {
  // Exported classes and functions can be mutated!
  mutateFoo = () => {
    foo = newMutateFoo(foo);
  };
}

// Good: Rather than export the mutable variables foo and mutateFoo directly,
// instead make them module scoped and export a getter for foo and a wrapper for
// mutateFooFunc.
let /** number */ foo = 0;
let /** function(number): number */ mutateFooFunc = foo => foo + 1;

/** @return {number} */
export function getFoo() {
  return foo;
}

export function mutateFoo() {
  foo = mutateFooFunc(foo);
}

/** @param {function(number): number} mutateFoo */
export function setMutateFoo(mutateFoo) {
  mutateFooFunc = mutateFoo;
}","[{}, {}]",No,"{""Answer"": ""No""}",y_or_n is not Yes,None
3.4.2.4 export from,"`exportfrom` statements must not be line wrapped and are therefore an exception to the 80-column limit. This applies to both `exportfrom` flavors.
export {specificName} from './other.js';
export * from './another.js';","[{'max-len': ['error', {'code': 'OurSetDefault', 'tabWidth': 'OurSetDefault', 'comments': 'OurSetDefault', 'ignoreTrailingComments': 'OurSetDefault', 'ignorePattern': 'OurSetDefault', 'ignoreComments': 'OurSetDefault', 'ignoreUrls': 'OurSetDefault', 'ignoreStrings': 'OurSetDefault', 'ignoreTemplateLiterals': 'OurSetDefault', 'ignoreRegExpLiterals': 'OurSetDefault'}]}, {'max-len': ['error', {'code': 'OurSetDefault', 'tabWidth': 'OurSetDefault', 'comments': 'OurSetDefault', 'ignoreTrailingComments': 'OurSetDefault', 'ignorePattern': 'OurSetDefault', 'ignoreComments': 'OurSetDefault', 'ignoreUrls': 'OurSetDefault', 'ignoreStrings': 'OurSetDefault', 'ignoreTemplateLiterals': 'OurSetDefault', 'ignoreRegExpLiterals': 'OurSetDefault'}]}]",Yes,"{'max-len': ['error', {'ignorePattern': 'export\\s+from\\s+'}]}",valid config part,None
3.4.3 Circular Dependencies in ES modules,"Do not create cycles between ES modules, even though the ECMAScript specification allows this. Note that it is possible to create cycles with both the `import` and `export` statements.
// a.js
import './b.js';

// b.js
import './a.js';

// `export from` can cause circular dependencies too!
export {x} from './c.js';

// c.js
import './b.js';

export let x;
","[{}, {}]",No,"{""Answer"": ""No""}",y_or_n is not Yes,None
3.4.4.1 Referencing goog,"To reference the Closure `goog` namespace, import Closure's `goog.js` .
import * as goog from '../closure/goog/goog.js';

const name = goog.require('a.name');

export const CONSTANT = name.compute();

`goog.js` exports only a subset of properties from the global `goog` that can be used in ES modules.","[{}, {}]",No,"{""Answer"": ""No""}",y_or_n is not Yes,None
3.4.4.2 goog.require in ES modules,"`goog.require` in ES modules works as it does in `goog.module` files. You can require any Closure namespace symbol (i.e., symbols created by `goog.provide` or `goog.module` ) and `goog.require` will return the value.
import * as goog from '../closure/goog/goog.js';
import * as anEsModule from './anEsModule.js';

const GoogPromise = goog.require('goog.Promise');
const myNamespace = goog.require('my.namespace');
","[{}, {}]",No,"{""Answer"": ""No""}",y_or_n is not Yes,"```plaintext
RuleName: curly
Set Values for related option values: 
all: true
```"
3.4.4.3 Declaring Closure Module IDs in ES modules,"`goog.declareModuleId` can be used within ES modules to declare a `goog.module` -like module ID. This means that this module ID can be `goog.require` d, `goog.module.get` d, `goog.forwardDeclare` 'd, etc. as if it were a `goog.module` that did not call `goog.module.declareLegacyNamespace` . It does not create the module ID as a globally available JavaScript symbol.
A `goog.require` (or `goog.module.get` ) for a module ID from `goog.declareModuleId` will always return the module object (as if it was `import*` 'd). As a result, the argument to `goog.declareModuleId` should always end with a `lowerCamelCaseName` .
Note: It is an error to call `goog.module.declareLegacyNamespace` in an ES module, it can only be called from `goog.module` files. There is no direct way to associate a legacy namespace with an ES module.
`goog.declareModuleId` should only be used to upgrade Closure files to ES modules in place, where named exports are used.
import * as goog from '../closure/goog.js';

goog.declareModuleId('my.esm');

export class Class {};
","[{}, {}]",No,"{""Answer"": ""No""}",y_or_n is not Yes,"None

RuleName: camelcase;
Option Rule: properties, always;
Option Rule: ignoreDestructuring, false;
Option Rule: ignoreImports, false;
Option Rule: ignoreGlobals, false;
Set Values for related option values:
allow, [];"
3.5 goog.setTestOnly,"In a `goog.module` file the `goog.module` statement may optionally be followed by a call to `goog.setTestOnly()` .
In an ES module the `import` statements may optionally be followed by a call to `goog.setTestOnly()` .","[{}, {}]",No,"{""Answer"": ""No""}",y_or_n is not Yes,None
3.6 goog.require and goog.requireType statements,"Imports are done with `goog.require` and `goog.requireType` statements. The names imported by a `goog.require` statement may be used both in code and in type annotations, while those imported by a `goog.requireType` may be used in type annotations only.
The `goog.require` and `goog.requireType` statements form a contiguous block with no empty lines. This block follows the `goog.module` declaration separated by a single empty line . The entire argument to `goog.require` or `goog.requireType` is a namespace defined by a `goog.module` in a separate file. `goog.require` and `goog.requireType` statements may not appear anywhere else in the file.
Each `goog.require` or `goog.requireType` is assigned to a single constant alias, or else destructured into several constant aliases. These aliases are the only acceptable way to refer to dependencies in type annotations or code. Fully qualified namespaces must not be used anywhere, except as an argument to `goog.require` or `goog.requireType` .
Exception : Types, variables, and functions declared in externs files have to use their fully qualified name in type annotations and code.
Aliases must match the final dot-separated component of the imported module's namespace.
Exception : In certain cases, additional components of the namespace can be used to form a longer alias. The resulting alias must retain the original identifier's casing such that it still correctly identifies its type. Longer aliases may be used to disambiguate otherwise identical aliases, or if it significantly improves readability. In addition, a longer alias must be used to prevent masking native types such as `Element` , `Event` , `Error` , `Map` , and `Promise` (for a more complete list, see Standard Built-in Objects and Web
APIs at MDN). When renaming destructured aliases, a space must follow the colon as required in ?? .
A file should not contain both a `goog.require` and a `goog.requireType` statement for the same namespace. If the imported name is used both in code and in type annotations, it should be imported by a single `goog.require` statement.
If a module is imported only for its side effects, the call must be a `goog.require` (not a `goog.requireType` ) and assignment may be omitted. A comment is required to explain why this is needed and suppress a compiler warning.
The lines are sorted according to the following rules: All requires with a name on the left hand side come first, sorted alphabetically by those names. Then destructuring requires, again sorted by the names on the left hand side. Finally, any require calls that are standalone (generally these are for modules imported just for their side effects).
Tip: There¡¯s no need to memorize this order and enforce it manually. You can rely on your IDE to report requires that are not sorted correctly.
If a long alias or module name would cause a line to exceed the 80-column limit, it must not be wrapped: require lines are an exception to the 80-column limit.
Example:
// Standard alias style.
const MyClass = goog.require('some.package.MyClass');
const MyType = goog.requireType('some.package.MyType');
// Namespace-based alias used to disambiguate.
const NsMyClass = goog.require('other.ns.MyClass');
// Namespace-based alias used to prevent masking native type.
const RendererElement = goog.require('web.renderer.Element');
// Out of sequence namespace-based aliases used to improve readability.
// Also, require lines longer than 80 columns must not be wrapped.
const SomeDataStructureModel = goog.requireType('identical.package.identifiers.models.SomeDataStructure');
const SomeDataStructureProto = goog.require('proto.identical.package.identifiers.SomeDataStructure');
// Standard alias style.
const asserts = goog.require('goog.asserts');
// Namespace-based alias used to disambiguate.
const testingAsserts = goog.require('goog.testing.asserts');
// Standard destructuring into aliases.
const {clear, clone} = goog.require('goog.array');
const {Rgb} = goog.require('goog.color');
// Namespace-based destructuring into aliases in order to disambiguate.
const {SomeType: FooSomeType} = goog.requireType('foo.types');
const {clear: objectClear, clone: objectClone} = goog.require('goog.object');
// goog.require without an alias in order to trigger side effects.
/** @suppress {extraRequire} Initializes MyFramework. */
goog.require('my.framework.initialization');

Discouraged:
// If necessary to disambiguate, prefer PackageClass over SomeClass as it is
// closer to the format of the module name.
const SomeClass = goog.require('some.package.Class');

Disallowed:
// Extra terms must come from the namespace.
const MyClassForBizzing = goog.require('some.package.MyClass');
// Alias must include the entire final namespace component.
const MyClass = goog.require('some.package.MyClassForBizzing');
// Alias must not mask native type (should be `const JspbMap` here).
const Map = goog.require('jspb.Map');
// Don't break goog.require lines over 80 columns.
const SomeDataStructure =
    goog.require('proto.identical.package.identifiers.SomeDataStructure');
// Alias must be based on the namespace.
const randomName = goog.require('something.else');
// Missing a space after the colon.
const {Foo:FooProto} = goog.require('some.package.proto.Foo');
// goog.requireType without an alias.
goog.requireType('some.package.with.a.Type');


/**
 * @param {!some.unimported.Dependency} param All external types used in JSDoc
 *     annotations must be goog.require'd, unless declared in externs.
 */
function someFunction(param) {
  // goog.require lines must be at the top level before any other code.
  const alias = goog.require('my.long.name.alias');
  // ...
}","[{'max-len': 'error'}, {'max-len': ['error', {'code': 80, 'tabWidth': 'OurSetDefault', 'comments': 'OurSetDefault', 'ignoreTrailingComments': 'OurSetDefault', 'ignorePattern': 'OurSetDefault', 'ignoreComments': 'OurSetDefault', 'ignoreUrls': 'OurSetDefault', 'ignoreStrings': 'OurSetDefault', 'ignoreTemplateLiterals': 'OurSetDefault', 'ignoreRegExpLiterals': 'OurSetDefault'}], 'key-spacing': [{'beforeColon': 'OurSetDefault', 'afterColon': True, 'mode': 'OurSetDefault', 'align': {}, 'multiLine': {}}]}]",No,"{""Answer"": ""No""}",y_or_n is not Yes,"None

None

None

None

None

None

None

None

None

None

None

None

None

None

None

None

RuleName: key-spacing;
Set Values for related option values:
afterColon: true;

None

None

None

None

RuleName: sort-imports;
Set Values for related option values:
ignoreDeclarationSort: false;
ignoreMemberSort: false;

RuleName: max-len;
Set Values for related option values:
code: 80;"
4.1.1 Braces are used for all control structures,"Braces are required for all control structures (i.e. `if` , `else` , `for` , `do` , `while` , as well as any others), even if the body contains only a single statement. The first statement of a non-empty block must begin on its own line.
Disallowed:
if (someVeryLongCondition())
  doSomething();

for (let i = 0; i < foo.length; i++) bar(foo[i]);

Exception : A simple if statement that can fit entirely on a single line with no wrapping (and that doesn¡¯t have an else) may be kept on a single line with no braces when it improves readability. This is the only case in which a control structure may omit braces and newlines.
if (shortCondition()) foo();","[{'curly': ['error', 'multi-line']}, {'curly': ['error', 'multi-line']}]",No,"{""Answer"": ""No""}",y_or_n is not Yes,"```plaintext
RuleName: curly;
Set Values for related option values:
all: only give matching value;

None

RuleName: nonblock-statement-body-position;
Option Rule: position, beside;
Set Values for related option values:
position: beside;
```"
4.1.2 Nonempty blocks: K&R style,"Braces follow the Kernighan and Ritchie style ( 
Egyptian brackets 
) for nonempty blocks and block-like constructs:
No line break before the opening brace. 
Line break after the opening brace. 
Line break before the closing brace. 
Line break after the closing brace if that brace terminates a statement or the body of a function or class statement, or a class method. Specifically, there is no line break after the brace if it is followed by `else` , `catch` , `while` , or a comma, semicolon, or right-parenthesis.
Example:
class InnerClass {
  constructor() {}

  /** @param {number} foo */
  method(foo) {
    if (condition(foo)) {
      try {
        // Note: this might fail.
        something();
      } catch (err) {
        recover();
      }
    }
  }
}
","[{'brace-style': ['error', '1tbs']}, {'brace-style': ['error', '1tbs', {'allowSingleLine': 'OurSetDefault'}]}]",Yes,"{'brace-style': ['error', '1tbs']}",valid config part,"RuleName: brace-style;
Set Values for related option values:
1tbs;

RuleName: brace-style;
Set Values for related option values:
1tbs;

RuleName: brace-style;
Set Values for related option values:
allman;

RuleName: brace-style;
Set Values for related option values:
allman;

RuleName: brace-style;
Set Values for related option values:
stroustrup;"
4.1.3 Empty blocks: may be concise,"An empty block or block-like construct may be closed immediately after it is opened, with no characters, space, or line break in between (i.e. `{}` ), unless it is a part of a multi-block statement (one that directly contains multiple blocks: `if` / `else` or `try` / `catch` / `finally` ).
Example:
function doNothing() {}

Disallowed:
if (condition) {
  // ¡­
} else if (otherCondition) {} else {
  // ¡­
}

try {
  // ¡­
} catch (e) {}
","[{}, {}]",No,"{""Answer"": ""No""}",y_or_n is not Yes,None
4.2 Block indentation: +2 spaces,"Each time a new block or block-like construct is opened, the indent increases by two spaces. When the block ends, the indent returns to the previous indent level. The indent level applies to both code and comments throughout the block. (See the example in ?? ).","[{'indent': ['error', 2, {'ignoreComments': False}]}, {'indent': ['error', 2, {'ignoreComments': False}]}]",Yes,"{'indent': ['error', 2, {'ignoreComments': False}]}",valid config part,"RuleName: indent;
Set Values for related option values:
2, 2;

None

RuleName: indent;
Set Values for related option values:
false, ignoreComments;"
4.2.1 Array literals: optionally block-like,"Any array literal may optionally be formatted as if it were a ¡°block-like construct.¡± For example, the following are all valid ( not an exhaustive list):
const a = [
  0,
  1,
  2,
];

const b =
    [0, 1, 2];


const c = [0, 1, 2];

someMethod(foo, [
  0, 1, 2,
], bar);

Other combinations are allowed, particularly when emphasizing semantic groupings between elements, but should not be used only to reduce the vertical size of larger arrays.","[{}, {}]",No,"{""Answer"": ""No""}",y_or_n is not Yes,"RuleName: array-bracket-newline;
Option Rule: first option, ""always"";
Set Values for related option values:
first option: ""always"";

RuleName: array-element-newline;
Option Rule: first option, ""consistent"";
Set Values for related option values:
first option: ""consistent"";"
4.2.2 Object literals: optionally block-like,"Any object literal may optionally be formatted as if it were a ¡°block-like construct.¡± The same examples apply as ?? . For example, the following are all valid ( not an exhaustive list):
const a = {
  a: 0,
  b: 1,
};

const b =
    {a: 0, b: 1};

const c = {a: 0, b: 1};

someMethod(foo, {
  a: 0, b: 1,
}, bar);","[{}, {}]",No,"{""Answer"": ""No""}",y_or_n is not Yes,None
4.2.3 Class literals,"Class literals (whether declarations or expressions) are indented as blocks. Do not add semicolons after methods, or after the closing brace of a class declaration (statements¡ªsuch as assignments¡ªthat contain class expressions are still terminated with a semicolon). Use the `extends` keyword, but not the `@extends` JSDoc annotation unless the class extends a templatized type.
Example:
class Foo {
  constructor() {
    /** @type {number} */
    this.x = 42;
  }

  /** @return {number} */
  method() {
    return this.x;
  }
}
Foo.Empty = class {};

/** @extends {Foo<string>} */
foo.Bar = class extends Foo {
  /** @override */
  method() {
    return super.method() / 2;
  }
};

/** @interface */
class Frobnicator {
  /** @param {string} message */
  frobnicate(message) {}
}","[{'no-extra-semi': 'error', 'semi': ['error', ""'OurSetDefault'"", {'omitLastInOneLineBlock': True}]}, {'no-extra-semi': 'error', 'semi': ['error', 'OurSetDefault', {'omitLastInOneLineBlock': True}]}]",No,"{""Answer"": ""No""}",y_or_n is not Yes,"RuleName: indent;
Set Values for related option values:
{{first option}}, 4;

RuleName: no-extra-semi;
Set Values for related option values:
None;

None"
4.2.4 Function expressions,"When declaring an anonymous function in the list of arguments for a function call, the body of the function is indented two spaces more than the preceding indentation depth.
Example:
prefix.something.reallyLongFunctionName('whatever', (a1, a2) => {
  // Indent the function body +2 relative to indentation depth
  // of the 'prefix' statement one line above.
  if (a1.equals(a2)) {
    someOtherLongFunctionName(a1);
  } else {
    andNowForSomethingCompletelyDifferent(a2.parrot);
  }
});

some.reallyLongFunctionCall(arg1, arg2, arg3)
    .thatsWrapped()
    .then((result) => {
      // Indent the function body +2 relative to the indentation depth
      // of the '.then()' call.
      if (result) {
        result.use();
      }
    });","[{}, {}]",Yes,{},valid config part,"RuleName: indent;
Option Rule: FunctionExpression, body: 1;
Set Values for related option values:
body: 1;

RuleName: indent;
Option Rule: CallExpression, arguments: 1;
Set Values for related option values:
arguments: 1;"
4.2.5 Switch statements,"As with any other block, the contents of a switch block are indented +2.
After a switch label, a newline appears, and the indentation level is increased +2, exactly as if a block were being opened. An explicit block may be used if required by lexical scoping. The following switch label returns to the previous indentation level, as if a block had been closed.
A blank line is optional between a `break` and the following case.
Example:
switch (animal) {
  case Animal.BANDERSNATCH:
    handleBandersnatch();
    break;

  case Animal.JABBERWOCK:
    handleJabberwock();
    break;

  default:
    throw new Error('Unknown animal');
}","[{'indent': ['error', 2, {'SwitchCase': 1}]}, {'indent': ['error', 2, {'SwitchCase': 1}]}]",Yes,"{'padding-line-between-statements': ['error', {'blankLine': 'always', 'prev': 'break', 'next': 'case'}]}",valid config part,"```plaintext
RuleName: indent;
Set Values for related option values:
SwitchCase, 2;

None

RuleName: indent;
Set Values for related option values:
SwitchCase, 2;

None

RuleName: padding-line-between-statements;
Option Rule: blankLine, always;
Set Values for related option values:
prev, break;
next, case;
```"
4.3.1 One statement per line,Each statement is followed by a line-break.,"[{'max-statements-per-line': ['error', {'max': 1}]}, {'max-statements-per-line': ['error', {'max': 1}]}]",Yes,"{'max-statements-per-line': ['error', {'max': 1}]}",valid config part,"```plaintext
RuleName: max-statements-per-line;
Set Values for related option values:
max: 1;
```
```plaintext
None
```"
4.3.2 Semicolons are required,Every statement must be terminated with a semicolon. Relying on automatic semicolon insertion is forbidden.,"[{'semi': ['error', 'always']}, {'semi': ['error', 'always']}]",Yes,"{'semi': ['error', 'always']}",valid config part,"RuleName: semi;
Option Rule: first option, always;
Set Values for related option values:
first option, always;

RuleName: semi;
Option Rule: fourth option, never;
Set Values for related option values:
fourth option, never;"
4.4 Column limit: 80,"JavaScript code has a column limit of 80 characters. Except as noted below, any line that would exceed this limit must be line-wrapped, as explained in ?? .
Exceptions:
`goog.module` , `goog.require` and `goog.requireType` statements (see ?? and ?? ). 
ES module `import` and `exportfrom` statements (see ?? and ?? ). 
Lines where obeying the column limit is not possible or would hinder discoverability. Examples include: 
A long URL which should be clickable in source. 
A shell command intended to be copied-and-pasted. 
A long string literal which may need to be copied or searched for wholly (e.g., a long file path).","[{'max-len': ['error', {'ignoreUrls': True, 'ignoreStrings': True, 'ignorePattern': 'OurSetDefault'}]}, {'max-len': ['error', {'code': 80, 'tabWidth': 'OurSetDefault', 'comments': 'OurSetDefault', 'ignoreTrailingComments': 'OurSetDefault', 'ignorePattern': 'OurSetDefault', 'ignoreComments': 'OurSetDefault', 'ignoreUrls': True, 'ignoreStrings': True, 'ignoreTemplateLiterals': 'OurSetDefault', 'ignoreRegExpLiterals': 'OurSetDefault'}]}]",Yes,"{'max-len': ['error', {'code': 80, 'ignorePattern': 'goog.module|goog.require|goog.requireType|ImportStatement|ExportFromStatement'}]}",valid config part,"RuleName: max-len;
Set Values for related option values:
max, 80;

RuleName: max-len;
Set Values for related option values:
code, 80;

RuleName: max-len;
Option Rule: ignorePattern, ""goog.module|goog.require|goog.requireType|import|export"";
Set Values for related option values:
ignorePattern, ""goog.module|goog.require|goog.requireType|import|export"";

RuleName: max-len;
Option Rule: ignorePattern, "".*"";
Set Values for related option values:
ignorePattern, "".*"";"
4.5.1 Where to break,"The prime directive of line-wrapping is: prefer to break at a higher syntactic level .
Preferred:
currentEstimate =
    calc(currentEstimate + x * currentEstimate) /
        2.0;

Discouraged:
currentEstimate = calc(currentEstimate + x *
    currentEstimate) / 2.0;

In the preceding example, the syntactic levels from highest to lowest are as follows: assignment, division, function call, parameters, number constant.
Operators are wrapped as follows:
When a line is broken at an operator the break comes after the symbol. (Note that this is not the same practice used in Google style for Java.) 
This does not apply to the dot ( `.` ), which is not actually an operator. 
A method or constructor name stays attached to the open parenthesis ( `(` ) that follows it. 
A comma ( `,` ) stays attached to the token that precedes it.
Note: The primary goal for line wrapping is to have clear code, not necessarily code that fits in the smallest number of lines.","[{'operator-linebreak': ['error', 'after'], 'space-before-function-paren': ['error', 'never'], 'func-call-spacing': ['error', 'never'], 'comma-spacing': ['error', {'before': False}]}, {'operator-linebreak': ['error', 'after', {'overrides': 'OurSetDefault'}], 'space-before-function-paren': ['error', {'anonymous': 'never', 'named': 'never', 'asyncArrow': 'never'}], 'func-call-spacing': ['error', 'never'], 'comma-spacing': ['error', {'before': False, 'after': 'OurSetDefault'}]}]",Yes,"{'operator-linebreak': ['error', 'after', {'overrides': {'.': 'none'}}], 'func-call-spacing': ['error', 'never'], 'comma-style': ['error', 'last']}",valid config part,"RuleName: operator-linebreak;
Set Values for related option values:
string option, before;

RuleName: dot-location;
Set Values for related option values:
dot-location, property;

RuleName: func-call-spacing;
Set Values for related option values:
string, never;

RuleName: comma-spacing;
Set Values for related option values:
after, true;"
4.5.2 Indent continuation lines at least +4 spaces,"When line-wrapping, each line after the first (each continuation line ) is indented at least +4 from the original line, unless it falls under the rules of block indentation.
When there are multiple continuation lines, indentation may be varied beyond +4 as appropriate. In general, continuation lines at a deeper syntactic level are indented by larger multiples of 4, and two lines use the same indentation level if and only if they begin with syntactically parallel elements.
?? addresses the discouraged practice of using a variable number of spaces to align certain tokens with previous lines.","[{}, {}]",No,"{""Answer"": ""No""}",y_or_n is not Yes,"RuleName: indent;
Set Values for related option values:
indent, 4;

RuleName: indent;
Set Values for related option values:
indent, 4;
ignoredNodes, [""BlockStatement""];

RuleName: indent;
Set Values for related option values:
indent, 4;

RuleName: indent;
Set Values for related option values:
indent, 4;

RuleName: indent;
Set Values for related option values:
indent, first;"
4.6.1 Vertical whitespace,"A single blank line appears:
Between consecutive methods in a class or object literal 
Exception: A blank line between two consecutive properties definitions in an object literal (with no other code between them) is optional. Such blank lines are used as needed to create logical groupings of fields. 
Within method bodies, sparingly to create logical groupings of statements. Blank lines at the start or end of a function body are not allowed. 
Optionally before the first or after the last method in a class or object literal (neither encouraged nor discouraged). 
As required by other sections of this document (e.g. ?? ).
Multiple consecutive blank lines are permitted, but never required (nor encouraged).","[{'lines-between-class-members': ['error', {'enforce': [{'blankLine': 'always', 'prev': 'method', 'next': 'method'}]}], 'padded-blocks': ['error', {'blocks': 'never'}]}, {'lines-between-class-members': ['error', {'enforce': [{'blankLine': 'always', 'prev': 'method', 'next': 'method'}]}], 'padded-blocks': ['error', 'never']}]",No,"{""Answer"": ""No""}",y_or_n is not Yes,"RuleName: lines-between-class-members;
Set Values for related option values:
always;

RuleName: padded-blocks;
Set Values for related option values:
never;

RuleName: padding-line-between-statements;
Option Rule: blankLine, always;
Set Values for related option values:
prev: property;
next: property;

RuleName: padding-line-between-statements;
Option Rule: blankLine, always;
Set Values for related option values:
prev: statement;
next: statement;

RuleName: lines-between-class-members;
Option Rule: always;
Set Values for related option values:
prev: firstMethod;
next: lastMethod;

RuleName: no-multiple-empty-lines;
Option Rule: max, 10;
Set Values for related option values:
max: 10;

RuleName: padding-line-between-statements;
Option Rule: blankLine, always;
Set Values for related option values:
prev: property;
next: property;

None"
4.6.2 Horizontal whitespace,"Use of horizontal whitespace depends on location, and falls into three broad categories: leading (at the start of a line), trailing (at the end of a line), and internal . Leading whitespace (i.e., indentation) is addressed elsewhere. Trailing whitespace is forbidden.
Beyond where required by the language or other style rules, and apart from literals, comments, and JSDoc, a single internal ASCII space also appears in the following places only .
Separating any reserved word (such as `if` , `for` , or `catch` ) except for `function` and `super` , from an open parenthesis ( `(` ) that follows it on that line. 
Separating any reserved word (such as `else` or `catch` ) from a closing curly brace ( `}` ) that precedes it on that line. 
Before any open curly brace ( `{` ), with two exceptions: 
Before an object literal that is the first argument of a function or the first element in an array literal (e.g. `foo({a:[{c:d}]})` ). 
In a template expansion, as it is forbidden by the language (e.g. valid: ``ab${1+2}cd`` , invalid: ``xy${3}z`` ). 
On both sides of any binary or ternary operator. 
After a comma ( `,` ) or semicolon ( `;` ). Note that spaces are never allowed before these characters. 
After the colon ( `:` ) in an object literal. 
On both sides of the double slash ( `//` ) that begins an end-of-line comment. Here, multiple spaces are allowed, but not required. 
After an open-block comment character and on both sides of close characters (e.g. for short-form type declarations, casts, and parameter name comments: `this.foo=/**@type{number}*/(bar)` ; or `function(/**string*/foo){` ; or `baz(/*buzz=*/true)` ).","[{'no-trailing-spaces': ['error', {'skipBlankLines': 'OurSetDefault', 'ignoreComments': 'OurSetDefault'}], 'keyword-spacing': ['error', {'before': 'OurSetDefault', 'after': True, 'overrides': {'function': {'before': 'OurSetDefault', 'after': False}, 'super': {'before': 'OurSetDefault', 'after': False}, 'else': {'before': True, 'after': 'OurSetDefault'}, 'catch': {'before': True, 'after': 'OurSetDefault'}}}], 'space-infix-ops': ['error', {'int32Hint': False}], 'comma-spacing': ['error', {'before': False, 'after': True}], 'semi-spacing': ['error', {'before': False, 'after': True}], 'key-spacing': ['error', {'beforeColon': False, 'afterColon': True, 'mode': 'OurSetDefault', 'align': 'OurSetDefault'}], 'spaced-comment': ['always']}, {'no-trailing-spaces': ['error', {'skipBlankLines': 'OurSetDefault', 'ignoreComments': 'OurSetDefault'}], 'keyword-spacing': ['error', {'before': 'OurSetDefault', 'after': True, 'overrides': {'function': {'before': 'OurSetDefault', 'after': False}, 'super': {'before': 'OurSetDefault', 'after': False}, 'else': {'before': True, 'after': 'OurSetDefault'}, 'catch': {'before': True, 'after': 'OurSetDefault'}}}], 'space-infix-ops': ['error', {'int32Hint': 'OurSetDefault'}], 'comma-spacing': ['error', {'before': False, 'after': True}], 'semi-spacing': ['error', {'before': False, 'after': True}], 'key-spacing': ['error', {'beforeColon': False, 'afterColon': True, 'mode': 'OurSetDefault', 'align': 'OurSetDefault'}], 'spaced-comment': ['always']}]",Yes,"{'no-trailing-spaces': ['error', {'skipBlankLines': False, 'ignoreComments': False}], 'keyword-spacing': ['error', {'before': True, 'after': True, 'overrides': {'function': {'before': False}, 'super': {'before': False}}}], 'template-curly-spacing': ['error', 'never'], 'space-infix-ops': ['error', {'int32Hint': False}]}",valid config part,"```plaintext
RuleName: no-trailing-spaces;
Set Values for related option values:
skipBlankLines: false;
ignoreComments: false;

None

RuleName: keyword-spacing;
Set Values for related option values:
before: true;
after: true;
overrides: {
  ""function"": { ""before"": false },
  ""super"": { ""before"": false }
};

RuleName: keyword-spacing;
Set Values for related option values:
before: true;
after: true;
overrides: {
  ""reservedWord"": { ""before"": true, ""after"": false }
};

RuleName: object-curly-spacing;
Set Values for related option values:
always;
arraysInObjects: false;
objectsInObjects: false;

RuleName: space-infix-ops;
Set Values for related option values:
int32Hint: false;

RuleName: comma-spacing;
Set Values for related option values:
before: false;
after: true;

RuleName: semi-spacing;
Set Values for related option values:
before: false;
after: true;

RuleName: key-spacing;
Set Values for related option values:
beforeColon: false;
afterColon: true;

RuleName: spaced-comment;
Set Values for related option values:
spacing: always;

RuleName: spaced-comment;
Set Values for related option values:
spacing: always;
balanced: true;
```"
4.6.3 Horizontal alignment: discouraged,"Terminology Note : Horizontal alignment is the practice of adding a variable number of additional spaces in your code with the goal of making certain tokens appear directly below certain other tokens on previous lines.
This practice is permitted, but it is generally discouraged by Google Style. It is not even required to maintain horizontal alignment in places where it was already used.
Here is an example without alignment, followed by one with alignment. Both are allowed, but the latter is discouraged:
{
  tiny: 42, // this is great
  longer: 435, // this too
};

{
  tiny:   42,  // permitted, but future edits
  longer: 435, // may leave it unaligned
};

Tip: Alignment can aid readability, but it creates problems for future maintenance. Consider a future change that needs to touch just one line. This change may leave the formerly-pleasing formatting mangled, and that is allowed. More often it prompts the coder (perhaps you) to adjust whitespace on nearby lines as well, possibly triggering a cascading series of reformattings. That one-line change now has a blast radius. This can at worst result in pointless busywork, but at best it still corrupts version history information, slows down reviewers and exacerbates merge conflicts.","[{}, {}]",Yes,{},valid config part,None
4.6.4 Function arguments,"Prefer to put all function arguments on the same line as the function name. If doing so would exceed the 80-column limit, the arguments must be line-wrapped in a readable way. To save space, you may wrap as close to 80 as possible, or put each argument on its own line to enhance readability. Indentation should be four spaces. Aligning to the parenthesis is allowed, but discouraged. Below are the most common patterns for argument wrapping:
// Arguments start on a new line, indented four spaces. Preferred when the
// arguments don't fit on the same line with the function name (or the keyword
// ""function"") but fit entirely on the second line. Works with very long
// function names, survives renaming without reindenting, low on space.
doSomething(
    descriptiveArgumentOne, descriptiveArgumentTwo, descriptiveArgumentThree) {
  // ¡­
}

// If the argument list is longer, wrap at 80. Uses less vertical space,
// but violates the rectangle rule and is thus not recommended.
doSomething(veryDescriptiveArgumentNumberOne, veryDescriptiveArgumentTwo,
    tableModelEventHandlerProxy, artichokeDescriptorAdapterIterator) {
  // ¡­
}

// Four-space, one argument per line.  Works with long function names,
// survives renaming, and emphasizes each argument.
doSomething(
    veryDescriptiveArgumentNumberOne,
    veryDescriptiveArgumentTwo,
    tableModelEventHandlerProxy,
    artichokeDescriptorAdapterIterator) {
  // ¡­
}","[{'indent': ['error', 2, {'FunctionDeclaration': {'parameters': 2}}]}, {'indent': ['error', 2, {'FunctionDeclaration': {'parameters': 2}}]}]",Yes,{},valid config part,None
4.7 Grouping parentheses: recommended,"Optional grouping parentheses are omitted only when the author and reviewer agree that there is no reasonable chance that the code will be misinterpreted without them, nor would they have made the code easier to read. It is not reasonable to assume that every reader has the entire operator precedence table memorized.
Do not use unnecessary parentheses around the entire expression following `delete` , `typeof` , `void` , `return` , `throw` , `case` , `in` , `of` , or `yield` .
Parentheses are required for type casts: `/**@type{!Foo}*/(foo)` .","[{'no-extra-parens': ['error', 'all', {'allowParensAfterCommentPattern': '@type'}]}, {'no-extra-parens': ['error', 'all', {'conditionalAssign': 'OurSetDefault', 'returnAssign': 'OurSetDefault', 'nestedBinaryExpressions': 'OurSetDefault', 'ternaryOperandBinaryExpressions': 'OurSetDefault', 'ignoreJSX': 'OurSetDefault', 'enforceForArrowConditionals': 'OurSetDefault', 'enforceForSequenceExpressions': 'OurSetDefault', 'enforceForNewInMemberExpressions': 'OurSetDefault', 'enforceForFunctionPrototypeMethods': 'OurSetDefault', 'allowParensAfterCommentPattern': 'OurSetDefault'}]}]",No,"{
  ""Answer"": ""No"",
  ""Configuration"": {}
}",y_or_n is not Yes,"```plaintext
RuleName: no-extra-parens;
Set Values for related option values:
first option, all;
third option, false;
fourth option, false;
fifth option, false;
sixth option, false;
seventh option, none;
eighth option, false;
ninth option, false;
tenth option, false;
eleventh option, false;
twelfth option, None;
****
None
```"
4.8.1 Block comment style,"Block comments are indented at the same level as the surrounding code. They may be in `/*¡­*/` or `//` -style. For multi-line `/*¡­*/` comments, subsequent lines must start with * aligned with the `*` on the previous line, to make comments obvious with no extra context.
/*
 * This is
 * okay.
 */

// And so
// is this.

/* This is fine, too. */

Comments are not enclosed in boxes drawn with asterisks or other characters.
Do not use JSDoc ( `/**¡­*/` ) for implementation comments.","[{}, {}]",Yes,"{'multiline-comment-style': ['error', 'starred-block']}",valid config part,None
4.8.2 Parameter Name Comments,"¡°Parameter name¡± comments should be used whenever the value and method name do not sufficiently convey the meaning, and refactoring the method to be clearer is infeasible . Their preferred format is before the value with = :
someFunction(obviousParam, /* shouldRender= */ true, /* name= */ 'hello');

For consistency with surrounding code you may put them after the value without = :
someFunction(obviousParam, true /* shouldRender */, 'hello' /* name */);
","[{}, {}]",No,"{
  ""Answer"": ""No"",
  ""Configuration"": {}
}",y_or_n is not Yes,None
5.1.1 Use const and let,"Declare all local variables with either `const` or `let` . Use const by default, unless a variable needs to be reassigned. The `var` keyword must not be used.","[{'no-var': 'error', 'prefer-const': ['error', {'destructuring': 'any'}]}, {'no-var': 'error', 'prefer-const': ['error', {'destructuring': 'any', 'ignoreReadBeforeAssign': 'OurSetDefault'}]}]",Yes,{'no-var': ['error']},valid config part,"```plaintext
RuleName: prefer-const;
Option Rule: destructuring, any;
Option Rule: ignoreReadBeforeAssign, false;
Set Values for related option values:
destructuring, any;
ignoreReadBeforeAssign, false;

RuleName: prefer-const;
Option Rule: destructuring, any;
Option Rule: ignoreReadBeforeAssign, false;
Set Values for related option values:
destructuring, any;
ignoreReadBeforeAssign, false;

RuleName: no-var;
Set Values for related option values:
None;
```"
5.1.2 One variable per declaration,"Every local variable declaration declares only one variable: declarations such as `leta=1,b=2;` are not used.","[{'one-var': ['error', 'always']}, {'one-var': ['error', {'var': 'always', 'let': 'always', 'const': 'always', 'separateRequires': 'OurSetDefault'}]}]",No,"{""Answer"": ""No""}",y_or_n is not Yes,"RuleName: one-var;
Option Rule: never;
Set Values for related option values:
first option: never;"
"5.1.3 Declared when needed, initialized as soon as possible","Local variables are not habitually declared at the start of their containing block or block-like construct. Instead, local variables are declared close to the point they are first used (within reason), to minimize their scope.","[{}, {}]",No,"{
  ""Answer"": ""No"",
  ""Configuration"": {}
}",y_or_n is not Yes,None
5.1.4 Declare types as needed,"JSDoc type annotations may be added either on the line above the declaration, or else inline before the variable name if no other JSDoc is present.
Example:
const /** !Array<number> */ data = [];

/**
 * Some description.
 * @type {!Array<number>}
 */
const data = [];

Mixing inline and JSDoc styles is not allowed: the compiler will only process the first JsDoc and the inline annotations will be lost.
/** Some description. */
const /** !Array<number> */ data = [];

Tip: There are many cases where the compiler can infer a templatized type but not its parameters. This is particularly the case when the initializing literal or constructor call does not include any values of the template parameter type (e.g., empty arrays, objects, `Map` s, or `Set` s), or if the variable is modified in a closure. Local variable type annotations are particularly helpful in these cases since otherwise the compiler will infer the template parameter as unknown.","[{}, {}]",No,"{""Answer"": ""No""}",y_or_n is not Yes,None
5.2.1 Use trailing commas,"Include a trailing comma whenever there is a line break between the final element and the closing bracket.
Example:
const values = [
  'first value',
  'second value',
];
","[{'comma-dangle': ['error', 'always-multiline']}, {'comma-dangle': ['error', {'arrays': 'always-multiline', 'objects': 'OurSetDefault', 'imports': 'OurSetDefault', 'exports': 'OurSetDefault', 'functions': 'OurSetDefault'}]}]",Yes,"{'comma-dangle': ['error', 'always-multiline']}",valid config part,"RuleName: comma-dangle;
Option Rule: arrays, always-multiline;
Set Values for related option values:
arrays, always-multiline;"
5.2.2 Do not use the variadic Array constructor,"The constructor is error-prone if arguments are added or removed. Use a literal instead.
Disallowed:
const a1 = new Array(x1, x2, x3);
const a2 = new Array(x1, x2);
const a3 = new Array(x1);
const a4 = new Array();

This works as expected except for the third case: if `x1` is a whole number then `a3` is an array of size `x1` where all elements are `undefined` . If `x1` is any other number, then an exception will be thrown, and if it is anything else then it will be a single-element array.
Instead, write
const a1 = [x1, x2, x3];
const a2 = [x1, x2];
const a3 = [x1];
const a4 = [];

Explicitly allocating an array of a given length using `newArray(length)` is allowed when appropriate.","[{'no-array-constructor': 'error'}, {'no-array-constructor': 'error'}]",No,"{""Answer"": ""No""}",y_or_n is not Yes,"RuleName: no-array-constructor;
Set Values for related option values:
None;

None"
5.2.3 Non-numeric properties,Do not define or use non-numeric properties on an array (other than `length` ). Use a `Map` (or `Object` ) instead.,"[{}, {}]",No,"{""Answer"": ""No""}",y_or_n is not Yes,"```plaintext
RuleName: no-restricted-properties;
Set Values for related option values:
object, ""Array"";
property, ""length"";

None
```"
5.2.4 Destructuring,"Array literals may be used on the left-hand side of an assignment to perform destructuring (such as when unpacking multiple values from a single array or iterable). A final rest element may be included (with no space between the `...` and the variable name). Elements should be omitted if they are unused.
const [a, b, c, ...rest] = generateResults();
let [, b,, d] = someArray;

Destructuring may also be used for function parameters (note that a parameter name is required but ignored). Always specify `[]` as the default value if a destructured array parameter is optional, and provide default values on the left hand side:
/** @param {!Array<number>=} param1 */
function optionalDestructuring([a = 4, b = 2] = []) { ¡­ };

Disallowed:
function badDestructuring([a, b] = [4, 2]) { ¡­ };

Tip: For (un)packing multiple values into a function¡¯s parameter or return, prefer object destructuring to array destructuring when possible, as it allows naming the individual elements and specifying a different type for each.","[{}, {}]",No,"{""Answer"": ""No""}",y_or_n is not Yes,"None

RuleName: rest-spread-spacing;
Option Rule: rest-spread-spacing, never;
Set Values for related option values:
rest-spread-spacing, never;

RuleName: no-unused-vars;
Set Values for related option values:
vars, all;

RuleName: prefer-destructuring;
Option Rule: array, true;
Set Values for related option values:
array, true;

None

None"
5.2.5 Spread operator,"Array literals may include the spread operator ( `...` ) to flatten elements out of one or more other iterables. The spread operator should be used instead of more awkward constructs with `Array.prototype` . There is no space after the `...` .
Example:
[...foo]   // preferred over Array.prototype.slice.call(foo)
[...foo, ...bar]   // preferred over foo.concat(bar)
","[{'rest-spread-spacing': ['error', 'never']}, {'rest-spread-spacing': ['error', 'never']}]",No,"{""Answer"": ""No""}",y_or_n is not Yes,"RuleName: rest-spread-spacing;
Option Rule: rest-spread-spacing, never;
Set Values for related option values:
rest-spread-spacing, never;"
5.3.1 Use trailing commas,Include a trailing comma whenever there is a line break between the final property and the closing brace.,"[{'comma-dangle': ['error', 'always-multiline']}, {'comma-dangle': ['error', {'arrays': 'OurSetDefault', 'objects': 'always-multiline', 'imports': 'OurSetDefault', 'exports': 'OurSetDefault', 'functions': 'OurSetDefault'}]}]",Yes,"{'comma-dangle': ['error', 'always-multiline']}",valid config part,"RuleName: comma-dangle;
Option Rule: always-multiline;
Set Values for related option values:
always-multiline, true;"
5.3.2 Do not use the Object constructor,"While `Object` does not have the same problems as `Array` , it is still disallowed for consistency. Use an object literal ( `{}` or `{a:0,b:1,c:2}` ) instead.","[{'no-object-constructor': 'error', 'no-new-object': 'error'}, {'no-object-constructor': 'error', 'no-new-object': 'error'}]",Yes,{'no-new-object': ['error']},valid config part,"RuleName: no-new-object;
Set Values for related option values:
None;

RuleName: no-object-constructor;
Set Values for related option values:
None;

RuleName: key-spacing;
Option Rule: beforeColon, false;
Option Rule: afterColon, true;
Option Rule: mode, strict;
Set Values for related option values:
beforeColon, false;
afterColon, true;
mode, strict;

RuleName: object-curly-spacing;
Option Rule: string option, always;
Set Values for related option values:
string option, always;

RuleName: object-property-newline;
Option Rule: allowAllPropertiesOnSameLine, false;
Set Values for related option values:
allowAllPropertiesOnSameLine, false;"
5.3.3 Do not mix quoted and unquoted keys,"Object literals may represent either structs (with unquoted keys and/or symbols) or dicts (with quoted and/or computed keys). Do not mix these key types in a single object literal.
Disallowed:
{
  width: 42, // struct-style unquoted key
  'maxWidth': 43, // dict-style quoted key
}

This also extends to passing the property name to functions, like `hasOwnProperty` . In particular, doing so will break in compiled code because the compiler cannot rename/obfuscate the string literal.
Disallowed:
/** @type {{width: number, maxWidth: (number|undefined)}} */
const o = {width: 42};
if (o.hasOwnProperty('maxWidth')) {
  ...
}

This is best implemented as:
/** @type {{width: number, maxWidth: (number|undefined)}} */
const o = {width: 42};
if (o.maxWidth != null) {
  ...
}","[{'quote-props': ['error', 'consistent']}, {'quote-props': ['error', 'consistent']}]",Yes,"{'quote-props': ['error', 'consistent']}",valid config part,"```plaintext
RuleName: quote-props;
Option Rule: first option, consistent;
Set Values for related option values:
first option, consistent;

None
```"
5.3.4 Computed property names,"Computed property names (e.g., `{['key'+foo()]:42}` ) are allowed, and are considered dict-style (quoted) keys (i.e., must not be mixed with non-quoted keys) unless the computed property is a symbol (e.g., `[Symbol.iterator]` ). Enum values may also be used for computed keys, but should not be mixed with non-enum keys in the same literal.","[{}, {}]",No,"{""Answer"": ""No""}",y_or_n is not Yes,None
5.3.5 Method shorthand,"Methods can be defined on object literals using the method shorthand ( `{method(){¡­}}` ) in place of a colon immediately followed by a `function` or arrow function literal.
Example:
return {
  stuff: 'candy',
  method() {
    return this.stuff;  // Returns 'candy'
  },
};

Note that `this` in a method shorthand or `function` refers to the object literal itself whereas `this` in an arrow function refers to the scope outside the object literal.
Example:
class {
  getObjectLiteral() {
    this.stuff = 'fruit';
    return {
      stuff: 'candy',
      method: () => this.stuff,  // Returns 'fruit'
    };
  }
}
","[{'object-shorthand': ['error', 'methods']}, {'object-shorthand': ['error', 'methods']}]",Yes,"{'object-shorthand': ['error', 'methods']}",valid config part,"RuleName: object-shorthand;
Option Rule: when, methods;
Set Values for related option values:
when, methods;"
5.3.6 Shorthand properties,"Shorthand properties are allowed on object literals.
Example:
const foo = 1;
const bar = 2;
const obj = {
  foo,
  bar,
  method() { return this.foo + this.bar; },
};
assertEquals(3, obj.method());","[{'object-shorthand': ['error', 'properties']}, {'object-shorthand': ['error', 'properties']}]",No,"{
  ""Answer"": ""No"",
  ""Configuration"": {}
}",y_or_n is not Yes,"RuleName: object-shorthand;
Option Rule: when, always;
Set Values for related option values:
when, always;"
5.3.7 Destructuring,"Object destructuring patterns may be used on the left-hand side of an assignment to perform destructuring and unpack multiple values from a single object.
Destructured objects may also be used as function parameters, but should be kept as simple as possible: a single level of unquoted shorthand properties. Deeper levels of nesting and computed properties may not be used in parameter destructuring. Specify any default values in the left-hand-side of the destructured parameter ( `{str='somedefault'}={}` , rather than `{str}={str:'somedefault'}` ), and if a destructured object is itself optional, it must default to `{}` . The JSDoc for the destructured parameter may be given any name (the name is unused but is required by the compiler).
Example:
/**
 * @param {string} ordinary
 * @param {{num: (number|undefined), str: (string|undefined)}=} param1
 *     num: The number of times to do something.
 *     str: A string to do stuff to.
 */
function destructured(ordinary, {num, str = 'some default'} = {})

Disallowed:
/** @param {{x: {num: (number|undefined), str: (string|undefined)}}} param1 */
function nestedTooDeeply({x: {num, str}}) {};
/** @param {{num: (number|undefined), str: (string|undefined)}=} param1 */
function nonShorthandProperty({num: a, str: b} = {}) {};
/** @param {{a: number, b: number}} param1 */
function computedKey({a, b, [a + b]: c}) {};
/** @param {{a: number, b: string}=} param1 */
function nontrivialDefault({a, b} = {a: 2, b: 4}) {};

Destructuring may also be used for `goog.require` statements, and in this case must not be wrapped: the entire statement occupies one line, regardless of how long it is (see ?? ).","[{}, {}]",No,"{""Answer"": ""No""}",y_or_n is not Yes,"None

None

None

RuleName: default-param-last;
Set Values for related option values:
None;

None

RuleName: require-jsdoc;
Option Rule: require; object;
Set Values for related option values:
FunctionDeclaration, true;
MethodDefinition, true;
ClassDeclaration, true;
ArrowFunctionExpression, true;
FunctionExpression, true;

None"
5.3.8 Enums,"Enumerations are defined by adding the `@enum` annotation to an object literal. Additional properties may not be added to an enum after it is defined. Enums must be constant, and all enum values must be deeply immutable.
/**
 * Supported temperature scales.
 * @enum {string}
 */
const TemperatureScale = {
  CELSIUS: 'celsius',
  FAHRENHEIT: 'fahrenheit',
};

/**
 * An enum with two options.
 * @enum {number}
 */
const Option = {
  /** The option used shall have been the first. */
  FIRST_OPTION: 1,
  /** The second among two options. */
  SECOND_OPTION: 2,
};","[{}, {}]",No,"{""Answer"": ""No""}",y_or_n is not Yes,None
5.4.1 Constructors,Constructors are optional. Subclass constructors must call `super()` before setting any fields or otherwise accessing `this` . Interfaces should declare non-method properties in the constructor.,"[{'no-this-before-super': 'error'}, {'no-this-before-super': 'error'}]",Yes,"{'constructor-super': ['error'], 'no-this-before-super': ['error']}",valid config part,"None

RuleName: no-this-before-super;
Set Values for related option values:
None;

None"
5.4.2 Fields,"Set all of a concrete object¡¯s fields (i.e. all properties other than methods) in the constructor. Annotate fields that are never reassigned with `@const` (these need not be deeply immutable). Annotate non-public fields with the proper visibility annotation ( `@private` , `@protected` , `@package` ), and end all `@private` fields' names with an underscore. Fields are never set on a concrete class' `prototype` .
Example:
class Foo {
  constructor() {
    /** @private @const {!Bar} */
    this.bar_ = computeBar();

    /** @protected @const {!Baz} */
    this.baz = computeBaz();
  }
}

Tip: Properties should never be added to or removed from an instance after the constructor is finished, since it significantly hinders VMs¡¯ ability to optimize. If necessary, fields that are initialized later should be explicitly set to `undefined` in the constructor to prevent later shape changes. Adding `@struct` to an object will check that undeclared properties are not added/accessed. Classes have this added by default.","[{}, {}]",No,"{""Answer"": ""No""}",y_or_n is not Yes,"None

RuleName: prefer-const;

RuleName: no-underscore-dangle;
Option Rule: allow, [""privateField""];
Set Values for related option values:
allow: [""privateField""];"
5.4.3 Computed properties,"Computed properties may only be used in classes when the property is a symbol. Dict-style properties (that is, quoted or computed non-symbol keys, as defined in ?? ) are not allowed. A `[Symbol.iterator]` method should be defined for any classes that are logically iterable. Beyond this, `Symbol` should be used sparingly.
Tip: be careful of using any other built-in symbols (e.g., `Symbol.isConcatSpreadable` ) as they are not polyfilled by the compiler and will therefore not work in older browsers.","[{}, {'dot-notation': ['error']}]",No,"{""Answer"": ""No""}",y_or_n is not Yes,None
5.4.4 Static methods,"Where it does not interfere with readability, prefer module-local functions over private static methods.
Static methods should only be called on the base class itself. Static methods should not be called on variables containing a dynamic instance that may be either the constructor or a subclass constructor (and must be defined with `@nocollapse` if this is done), and must not be called directly on a subclass that doesn¡¯t define the method itself.
Disallowed:
class Base { /** @nocollapse */ static foo() {} }
class Sub extends Base {}
function callFoo(cls) { cls.foo(); }  // discouraged: don't call static methods dynamically
Sub.foo();  // Disallowed: don't call static methods on subclasses that don't define it themselves
","[{}, {}]",No,"{""Answer"": ""No""}",y_or_n is not Yes,None
5.4.5 Old-style class declarations,"While ES6 classes are preferred, there are cases where ES6 classes may not be feasible. For example:
If there exist or will exist subclasses, including frameworks that create subclasses, that cannot be immediately changed to use ES6 class syntax. If such a class were to use ES6 syntax, all downstream subclasses not using ES6 class syntax would need to be modified. 
Frameworks that require a known `this` value before calling the superclass constructor, since constructors with ES6 super classes do not have access to the instance `this` value until the call to `super` returns.
In all other ways the style guide still applies to this code: `let` , `const` , default parameters, rest, and arrow functions should all be used when appropriate.
`goog.defineClass` allows for a class-like definition similar to ES6 class syntax:
let C = goog.defineClass(S, {
  /**
   * @param {string} value
   */
  constructor(value) {
    S.call(this, 2);
    /** @const */
    this.prop = value;
  },

  /**
   * @param {string} param
   * @return {number}
   */
  method(param) {
    return 0;
  },
});

Alternatively, while `goog.defineClass` should be preferred for all new code, more traditional syntax is also allowed.
/**
  * @constructor @extends {S}
  * @param {string} value
  */
function C(value) {
  S.call(this, 2);
  /** @const */
  this.prop = value;
}
goog.inherits(C, S);

/**
 * @param {string} param
 * @return {number}
 */
C.prototype.method = function(param) {
  return 0;
};

Per-instance properties should be defined in the constructor after the call to the super class constructor, if there is a super class. Methods should be defined on the prototype of the constructor.
Defining constructor prototype hierarchies correctly is harder than it first appears! For that reason, it is best to use `goog.inherits` from the Closure Library .","[{'no-this-before-super': 'error'}, {'no-this-before-super': 'error'}]",Yes,"{'prefer-const': ['error', {'destructuring': 'any', 'ignoreReadBeforeAssign': False}], 'default-param-last': ['error'], 'prefer-rest-params': ['error'], 'prefer-arrow-callback': ['error', {'allowNamedFunctions': False, 'allowUnboundThis': False}]}",valid config part,None
5.4.6 Do not manipulate prototype s directly,"The `class` keyword allows clearer and more readable class definitions than defining `prototype` properties. Ordinary implementation code has no business manipulating these objects, though they are still useful for defining classes as defined in ?? . Mixins and modifying the prototypes of builtin objects are explicitly forbidden.
Exception : Framework code (such as Polymer, or Angular) may need to use `prototype` s, and should not resort to even-worse workarounds to avoid doing so.","[{'no-extend-native': ['error', {'exceptions': ['OurSetDefault']}]}, {'no-extend-native': ['error', {'exceptions': ['OurSetDefault']}]}]",Yes,"{'no-extend-native': ['error', {'exceptions': []}]}",valid config part,"RuleName: no-extend-native;
Option Rule: exceptions, [""FrameworkCode""];
Set Values for related option values:
exceptions, [""FrameworkCode""];

RuleName: no-extend-native;
Set Values for related option values:
None"
5.4.7 Getters and Setters,"Do not use JavaScript getter and setter properties . They are potentially surprising and difficult to reason about, and have limited support in the compiler. Provide ordinary methods instead.
Exception : there are situations where defining a getter or setter is unavoidable (e.g. data binding frameworks such as Angular and Polymer, or for compatibility with external APIs that cannot be adjusted). In these cases only, getters and setters may be used with caution , provided they are defined with the `get` and `set` shorthand method keywords or `Object.defineProperties` (not `Object.defineProperty` , which interferes with property renaming). Getters must not change observable state.
Disallowed:
class Foo {
  get next() { return this.nextId++; }
}
","[{}, {}]",Yes,"{'no-restricted-properties': ['error', {'object': 'Object', 'property': 'defineProperty', 'message': 'Use alternative methods'}]}",valid config part,"None

None

None

None

RuleName: prefer-reflect;
Set Values for related option values:
None;

None"
5.4.8 Overriding toString,"The `toString` method may be overridden, but must always succeed and never have visible side effects.
Tip: Beware, in particular, of calling other methods from toString, since exceptional conditions could lead to infinite loops.","[{}, {}]",No,"{""Answer"": ""No""}",y_or_n is not Yes,None
5.4.9 Interfaces,"Interfaces may be declared with `@interface` or `@record` . Interfaces declared with `@record` can be explicitly (i.e. via `@implements` ) or implicitly implemented by a class or object literal.
All non-static method bodies on an interface must be empty blocks. Fields must be declared as uninitialized members in the class constructor.
Example:
/**
 * Something that can frobnicate.
 * @record
 */
class Frobnicator {
  constructor() {
    /** @type {number} The number of attempts before giving up. */
    this.attempts;
  }

  /**
   * Performs the frobnication according to the given strategy.
   * @param {!FrobnicationStrategy} strategy
   */
  frobnicate(strategy) {}
}

","[{}, {}]",No,"{""Answer"": ""No""}",y_or_n is not Yes,"None

None

RuleName: no-empty-function;
Set Values for related option values:
allow, [];

None"
5.4.10 Abstract Classes,"Use abstract classes when appropriate. Abstract classes and methods must be annotated with `@abstract` . Do not use `goog.abstractMethod` . See abstract
classes and methods .","[{'no-restricted-syntax': ['error', {'selector': ""CallExpression[callee.object.name='goog'][callee.property.name='abstractMethod']"", 'message': 'OurSetDefault'}]}, {'no-restricted-syntax': ['error', {'selector': ""CallExpression[callee.object.name='goog'][callee.property.name='abstractMethod']"", 'message': 'OurSetDefault'}]}]",Yes,"{'no-restricted-properties': ['error', {'object': 'goog', 'property': 'abstractMethod'}]}",valid config part,"None

RuleName: no-restricted-syntax;
Set Values for related option values:
first option, ""goog.abstractMethod"";"
5.5.1 Top-level functions,"Top-level functions may be defined directly on the `exports` object, or else declared locally and optionally exported. See ?? for more on exports.
Examples:
/** @param {string} str */
exports.processString = (str) => {
  // Process the string.
};

/** @param {string} str */
const processString = (str) => {
  // Process the string.
};

exports = {processString};
","[{}, {}]",No,"{""Answer"": ""No""}",y_or_n is not Yes,None
5.5.2 Nested functions and closures,"Functions may contain nested function definitions. If it is useful to give the function a name, it should be assigned to a local `const` .","[{}, {}]",Yes,{},valid config part,None
5.5.3 Arrow functions,"Arrow functions provide a concise function syntax and simplify scoping `this` for nested functions. Prefer arrow functions over the `function` keyword, particularly for nested functions (but see ?? ).
Prefer arrow functions over other `this` scoping approaches such as `f.bind(this)` , `goog.bind(f,this)` , and `constself=this` . Arrow functions are particularly useful for calling into callbacks as they permit explicitly specifying which parameters to pass to the callback whereas binding will blindly pass along all parameters.
The left-hand side of the arrow contains zero or more parameters. Parentheses around the parameters are optional if there is only a single non-destructured parameter. When parentheses are used, inline parameter types may be specified (see ?? ).
Tip: Always using parentheses even for single-parameter arrow functions can avoid situations where adding parameters, but forgetting to add parentheses, may result in parseable code which no longer works as intended.
The right-hand side of the arrow contains the body of the function. By default the body is a block statement (zero or more statements surrounded by curly braces). The body may also be an implicitly returned single expression if either: the program logic requires returning a value, or the `void` operator precedes a single function or method call (using `void` ensures `undefined` is returned, prevents leaking values, and communicates intent). The single expression form is preferred if it improves readability (e.g., for short or simple expressions).
Examples:
/**
 * Arrow functions can be documented just like normal functions.
 * @param {number} numParam A number to add.
 * @param {string} strParam Another number to add that happens to be a string.
 * @return {number} The sum of the two parameters.
 */
const moduleLocalFunc = (numParam, strParam) => numParam + Number(strParam);

// Uses the single expression syntax with `void` because the program logic does
// not require returning a value.
getValue((result) => void alert(`Got ${result}`));

class CallbackExample {
  constructor() {
    /** @private {number} */
    this.cachedValue_ = 0;

    // For inline callbacks, you can use inline typing for parameters.
    // Uses a block statement because the value of the single expression should
    // not be returned and the expression is not a single function call.
    getNullableValue((/** ?number */ result) => {
      this.cachedValue_ = result == null ? 0 : result;
    });
  }
}

Disallowed:
/**
 * A function with no params and no returned value.
 * This single expression body usage is illegal because the program logic does
 * not require returning a value and we're missing the `void` operator.
 */
const moduleLocalFunc = () => anotherFunction();","[{'arrow-parens': ['error', 'always']}, {'arrow-parens': ['error', 'always']}]",Yes,"{'arrow-body-style': ['error', 'always']}",valid config part,"RuleName: prefer-arrow-callback;
Option Rule: allowNamedFunctions, false;
Set Values for related option values:
allowNamedFunctions, false;

RuleName: prefer-arrow-callback;
Option Rule: allowUnboundThis, false;
Set Values for related option values:
allowUnboundThis, false;

None

RuleName: arrow-parens;
Option Rule: as-needed;
Set Values for related option values:
as-needed;

None

None

RuleName: arrow-body-style;
Option Rule: always;
Set Values for related option values:
always;

RuleName: arrow-body-style;
Option Rule: as-needed;
Set Values for related option values:
as-needed;

RuleName: arrow-body-style;
Option Rule: as-needed;
Set Values for related option values:
as-needed;"
5.5.4 Generators,"Generators enable a number of useful abstractions and may be used as needed.
When defining generator functions, attach the `*` to the `function` keyword when present, and separate it with a space from the name of the function. When using delegating yields, attach the `*` to the `yield` keyword.
Example:
/** @return {!Iterator<number>} */
function* gen1() {
  yield 42;
}

/** @return {!Iterator<number>} */
const gen2 = function*() {
  yield* gen1();
}

class SomeClass {
  /** @return {!Iterator<number>} */
  * gen() {
    yield 42;
  }
}","[{'generator-star-spacing': ['error', 'after'], 'yield-star-spacing': ['error', 'after']}, {'generator-star-spacing': ['error', {'before': False, 'after': True}], 'yield-star-spacing': ['error', {'before': False, 'after': 'OurSetDefault'}]}]",Yes,"{'generator-star-spacing': ['error', {'before': True, 'named': {'before': False, 'after': True}}]}",valid config part,"None

RuleName: yield-star-spacing;
Option Rule: before, true;
Set Values for related option values:
before, true;"
5.5.5 Parameter and return types,Function parameters and return types should usually be documented with JSDoc annotations. See ?? for more information.,"[{'require-jsdoc': ['error', {'require': {'FunctionDeclaration': True, 'MethodDefinition': True}}], 'valid-jsdoc': ['error', {'requireReturn': True, 'requireReturnType': True}]}, {'require-jsdoc': ['error', {'require': {'FunctionDeclaration': True, 'MethodDefinition': True, 'ClassDeclaration': 'OurSetDefault', 'ArrowFunctionExpression': 'OurSetDefault', 'FunctionExpression': 'OurSetDefault'}}], 'valid-jsdoc': ['error', {'requireReturn': True, 'requireReturnType': True, 'requireParamDescription': 'OurSetDefault', 'requireReturnDescription': 'OurSetDefault'}]}]",No,"{""Answer"": ""No""}",y_or_n is not Yes,None
5.5.5.1 Default parameters,"Optional parameters are permitted using the equals operator in the parameter list. Optional parameters must include spaces on both sides of the equals operator, be named exactly like required parameters (i.e., not prefixed with `opt_` ), use the `=` suffix in their JSDoc type, come after required parameters, and not use initializers that produce observable side effects. All optional parameters for concrete functions must have default values, even if that value is `undefined` . In contrast to concrete functions, abstract and interface methods must omit default parameter values.
Example:
/**
 * @param {string} required This parameter is always needed.
 * @param {string=} optional This parameter can be omitted.
 * @param {!Node=} node Another optional parameter.
 */
function maybeDoSomething(required, optional = '', node = undefined) {}

/** @interface */
class MyInterface {
  /**
   * Interface and abstract methods must omit default parameter values.
   * @param {string=} optional
   */
  someMethod(optional) {}
}

Use default parameters sparingly. Prefer destructuring (as in ?? ) to create readable APIs when there are more than a small handful of optional parameters that do not have a natural order.
Note: Unlike Python's default parameters, it is okay to use initializers that return new mutable objects (such as `{}` or `[]` ) because the initializer is evaluated each time the default value is used, so a single object won't be shared across invocations.
Tip: While arbitrary expressions including function calls may be used as initializers, these should be kept as simple as possible. Avoid initializers that expose shared mutable state, as that can easily introduce unintended coupling between function calls.","[{'default-param-last': 'error'}, {'default-param-last': 'error'}]",No,"{""Answer"": ""No""}",y_or_n is not Yes,"None

RuleName: space-infix-ops;
Set Values for related option values:
spaces, true;

None

RuleName: valid-jsdoc;
Option Rule: preferType, object;
Set Values for related option values:
""Boolean"", ""boolean"";
""Number"", ""number"";
""object"", ""Object"";
""String"", ""string"";

RuleName: default-param-last;
Set Values for related option values:
default parameters, last;

None

None

None"
5.5.5.2 Rest parameters,"Use a rest parameter instead of accessing `arguments` . Rest parameters are typed with a `...` prefix in their JSDoc. The rest parameter must be the last parameter in the list. There is no space between the `...` and the parameter name. Do not name the rest parameter `var_args` . Never name a local variable or parameter `arguments` , which confusingly shadows the built-in name.
Example:
/**
 * @param {!Array<string>} array This is an ordinary parameter.
 * @param {...number} numbers The remainder of arguments are all numbers.
 */
function variadic(array, ...numbers) {}
","[{'prefer-rest-params': 'error', 'rest-spread-spacing': ['error', 'never'], 'id-denylist': ['error', 'var_args', 'arguments']}, {'prefer-rest-params': 'error', 'rest-spread-spacing': ['error', 'never'], 'id-denylist': ['error', 'var_args', 'arguments']}]",Yes,{'prefer-rest-params': ['error']},valid config part,"RuleName: prefer-rest-params;
Set Values for related option values: None;

None

None

RuleName: rest-spread-spacing;
Option Rule: rest-spread-spacing, never;
Set Values for related option values:
rest-spread-spacing, never;

RuleName: id-denylist;
Set Values for related option values:
id-denylist, ['var_args'];

RuleName: id-denylist;
Set Values for related option values:
id-denylist, ['arguments'];"
5.5.6 Generics,Declare generic functions and methods when necessary with `@templateTYPE` in the JSDoc above the function or method definition.,"[{}, {}]",No,"{""Answer"": ""No""}",y_or_n is not Yes,None
5.5.7 Spread operator,"Function calls may use the spread operator ( `...` ). Prefer the spread operator to `Function.prototype.apply` when an array or iterable is unpacked into multiple parameters of a variadic function. There is no space after the `...` .
Example:
function myFunction(...elements) {}
myFunction(...array, ...iterable, ...generator());
","[{'rest-spread-spacing': ['error', 'never']}, {'rest-spread-spacing': ['error', 'never']}]",Yes,"{'rest-spread-spacing': ['error', 'never']}",valid config part,"None

None

RuleName: rest-spread-spacing;
Option Rule: rest-spread-spacing, never;
Set Values for related option values:
rest-spread-spacing, never;"
5.6.1 Use single quotes,"Ordinary string literals are delimited with single quotes ( `'` ), rather than double quotes ( `""` ).
Tip: if a string contains a single quote character, consider using a template string to avoid having to escape the quote.
Ordinary string literals may not span multiple lines.","[{'quotes': ['error', 'single', {'avoidEscape': 'OurSetDefault', 'allowTemplateLiterals': True}], 'no-multi-str': 'error'}, {'quotes': ['error', 'single', {'avoidEscape': 'OurSetDefault', 'allowTemplateLiterals': True}], 'no-multi-str': 'error'}]",Yes,"{'quotes': ['error', 'single'], 'no-multi-str': ['error']}",valid config part,"RuleName: quotes;
Set Values for related option values:
quotes: single;

RuleName: no-multi-str;
Set Values for related option values:
No [Multiline String];"
5.6.2 Template literals,"Use template literals (delimited with ``` ) over complex string concatenation, particularly if multiple string literals are involved. Template literals may span multiple lines.
If a template literal spans multiple lines, it does not need to follow the indentation of the enclosing block, though it may if the added whitespace does not matter.
Example:
function arithmetic(a, b) {
  return `Here is a table of arithmetic operations:
${a} + ${b} = ${a + b}
${a} - ${b} = ${a - b}
${a} * ${b} = ${a * b}
${a} / ${b} = ${a / b}`;
}
","[{'prefer-template': 'error', 'indent': ['error', 2, {'ignoredNodes': ['TemplateLiteral']}]}, {'prefer-template': 'error', 'indent': ['error', 2, {'ignoredNodes': ['TemplateLiteral']}]}]",Yes,{'prefer-template': ['error']},valid config part,"RuleName: prefer-template;
Set Values for related option values:
None;

None

None"
5.6.3 No line continuations,"Do not use line continuations (that is, ending a line inside a string literal with a backslash) in either ordinary or template string literals. Even though ES5 allows this, it can lead to tricky errors if any trailing whitespace comes after the slash, and is less obvious to readers.
Disallowed:
const longString = 'This is a very long string that far exceeds the 80 \
    column limit. It unfortunately contains long stretches of spaces due \
    to how the continued lines are indented.';

Instead, write
const longString = 'This is a very long string that far exceeds the 80 ' +
    'column limit. It does not contain long stretches of spaces since ' +
    'the concatenated strings are cleaner.';","[{'no-multi-str': 'error'}, {'no-multi-str': 'error'}]",Yes,{'no-multi-str': ['error']},valid config part,"RuleName: no-multi-str;
Set Values for related option values:
error;"
5.7 Number literals,"Numbers may be specified in decimal, hex, octal, or binary. Use exactly `0x` , `0o` , and `0b` prefixes, with lowercase letters, for hex, octal, and binary, respectively. Never include a leading zero unless it is immediately followed by `x` , `o` , or `b` .","[{}, {}]",No,"{""Answer"": ""No""}",y_or_n is not Yes,None
5.8.1 For loops,"With ES6, the language now has three different kinds of `for` loops. All may be used, though `for` - `of` loops should be preferred when possible.
`for` - `in` loops may only be used on dict-style objects (see ?? ), and should not be used to iterate over an array. `Object.prototype.hasOwnProperty` should be used in `for` - `in` loops to exclude unwanted prototype properties. Prefer `for` - `of` and `Object.keys` over `for` - `in` when possible.","[{'guard-for-in': 'error', 'no-restricted-syntax': ['error', {'selector': 'ForInStatement[right.type=""ArrayExpression""]', 'message': 'OurSetDefault'}]}, {'guard-for-in': 'error', 'no-restricted-syntax': ['error', {'selector': 'ForInStatement[right.type=""ArrayExpression""]', 'message': 'OurSetDefault'}]}]",No,"{""Answer"": ""No""}",y_or_n is not Yes,"None

RuleName: no-restricted-syntax;
Set Values for related option values:
""no-restricted-syntax"": [
  {
    ""selector"": ""ForInStatement"",
    ""message"": ""for-in loops are not allowed for arrays""
  }
];

None

RuleName: guard-for-in;
Set Values for related option values:
""guard-for-in"": ""error"";

None"
5.8.2 Exceptions,"Exceptions are an important part of the language and should be used whenever exceptional cases occur. Always throw `Error` s or subclasses of `Error` : never throw string literals or other objects. Always use `new` when constructing an `Error` .
This treatment extends to `Promise` rejection values as `Promise.reject(obj)` is equivalent to `throwobj;` in async functions.
Custom exceptions provide a great way to convey additional error information from functions. They should be defined and used wherever the native `Error` type is insufficient.
Prefer throwing exceptions over ad-hoc error-handling approaches (such as passing an error container reference type, or returning an object with an error property).","[{'no-throw-literal': 'error', 'prefer-promise-reject-errors': 'error'}, {'no-throw-literal': 'error', 'prefer-promise-reject-errors': ['error', {'allowEmptyReject': False}]}]",Yes,{'no-throw-literal': ['error']},valid config part,"```plaintext
RuleName: no-throw-literal;
Set Values for related option values:
None;

None

None

None
```"
5.8.2.1 Empty catch blocks,"It is very rarely correct to do nothing in response to a caught exception. When it truly is appropriate to take no action whatsoever in a catch block, the reason this is justified is explained in a comment.
try {
  return handleNumericResponse(response);
} catch (ok) {
  // it's not numeric; that's fine, just continue
}
return handleTextResponse(response);

Disallowed:
  try {
    shouldFail();
    fail('expected an error');
  } catch (expected) {
  }

Tip: Unlike in some other languages, patterns like the above simply don¡¯t work since this will catch the error thrown by `fail` . Use `assertThrows()` instead.","[{'no-empty': ['error', {'allowEmptyCatch': 'OurSetDefault'}]}, {'no-empty': ['error', {'allowEmptyCatch': 'OurSetDefault'}]}]",Yes,{},valid config part,"```plaintext
RuleName: no-empty;
Set Values for related option values:
allowEmptyCatch: false;

RuleName: no-empty;
Set Values for related option values:
allowEmptyCatch: false;
```"
5.8.3.1 Fall-through: commented,"Within a switch block, each statement group either terminates abruptly (with a `break` , `return` or `throw` n exception), or is marked with a comment to indicate that execution will or might continue into the next statement group. Any comment that communicates the idea of fall-through is sufficient (typically `//fallthrough` ). This special comment is not required in the last statement group of the switch block.
Example:
switch (input) {
  case 1:
  case 2:
    prepareOneOrTwo();
  // fall through
  case 3:
    handleOneTwoOrThree();
    break;
  default:
    handleLargeNumber(input);
}","[{'no-fallthrough': ['error', {'commentPattern': 'OurSetDefault'}]}, {'no-fallthrough': ['error', {'commentPattern': 'OurSetDefault'}]}]",Yes,"{'no-fallthrough': ['error', {'commentPattern': 'falls?\\s?through'}]}",valid config part,"```plaintext
RuleName: no-fallthrough;
Set Values for related option values:
commentPattern: /falls?\s?through/i;

RuleName: no-fallthrough;
Option Rule: commentPattern, .*
Set Values for related option values:
commentPattern: .*
```"
5.8.3.2 The default case is present,"Each switch statement includes a `default` statement group, even if it contains no code. The `default` statement group must be last.","[{'default-case': 'error', 'default-case-last': 'error'}, {'default-case': 'error', 'default-case-last': 'error'}]",Yes,"{'default-case': ['error'], 'default-case-last': ['error']}",valid config part,"```plaintext
RuleName: default-case;
Set Values for related option values:
None;

RuleName: default-case-last;
Set Values for related option values:
None;
```"
5.9 this,"Only use `this` in class constructors and methods, in arrow functions defined within class constructors and methods, or in functions that have an explicit `@this` declared in the immediately-enclosing function¡¯s JSDoc.
Never use `this` to refer to the global object, the context of an `eval` , the target of an event, or unnecessarily `call()` ed or `apply()` ed functions.","[{}, {}]",Yes,"{'no-invalid-this': ['error', {'capIsConstructor': True}]}",valid config part,"None

RuleName: no-invalid-this;
Set Values for related option values:
capIsConstructor, false;

RuleName: no-extra-bind;
Set Values for related option values:
None;"
5.10 Equality Checks,Use identity operators ( `===` / `!==` ) except in the cases documented below.,"[{'eqeqeq': ['error', 'always', {'null': 'OurSetDefault'}]}, {'eqeqeq': ['error', 'always', {'null': 'OurSetDefault'}]}]",Yes,"{'eqeqeq': ['error', 'always'], 'require-jsdoc': ['error', {'require': {'FunctionDeclaration': True, 'MethodDefinition': True, 'ClassDeclaration': True, 'ArrowFunctionExpression': True, 'FunctionExpression': True}}]}",valid config part,"RuleName: eqeqeq;
Set Values for related option values:
null, ignore;"
5.10.1 Exceptions Where Coercion is Desirable,"Catching both `null` and `undefined` values:
if (someObjectOrPrimitive == null) {
  // Checking for null catches both null and undefined for objects and
  // primitives, but does not catch other falsy values like 0 or the empty
  // string.
}","[{'eqeqeq': ['error', 'always', {'null': 'ignore'}]}, {'eqeqeq': ['error', 'always', {'null': 'ignore'}]}]",Yes,"{'eqeqeq': ['error', 'always', {'null': 'ignore'}]}",valid config part,"```plaintext
RuleName: eqeqeq;
Option Rule: null, ignore;
Set Values for related option values:
null, ignore;
```"
5.11.1 with,Do not use the `with` keyword. It makes your code harder to understand and has been banned in strict mode since ES5.,"[{'no-with': 'error'}, {'no-with': 'error'}]",Yes,{'no-with': ['error']},valid config part,"RuleName: no-with;
Set Values for related option values:
None;"
5.11.2 Dynamic code evaluation,Do not use `eval` or the `Function(...string)` constructor (except for code loaders). These features are potentially dangerous and simply do not work in CSP environments.,"[{'no-eval': 'error', 'no-new-func': 'error'}, {'no-eval': ['error', {'allowIndirect': False}], 'no-new-func': 'error'}]",Yes,"{'no-eval': ['error', {'allowIndirect': False}], 'no-new-func': ['error']}",valid config part,"```plaintext
RuleName: no-eval;
Option Rule: allowIndirect, false;
Set Values for related option values:
allowIndirect, false;

RuleName: no-new-func;
Set Values for related option values:
None;
```"
5.11.3 Automatic semicolon insertion,"Always terminate statements with semicolons (except function and class declarations, as noted above).","[{}, {}]",Yes,"{'semi': ['error', 'always']}",valid config part,None
5.11.4 Non-standard features,"Do not use non-standard features. This includes old features that have been removed (e.g., `WeakMap.clear` ), new features that are not yet standardized (e.g., the current TC39 working draft, proposals at any stage, or proposed but not-yet-complete web standards), or proprietary features that are only implemented in some browsers. Use only features defined in the current ECMA-262 or WHATWG standards. (Note that projects writing against specific APIs, such as Chrome extensions or Node.js, can obviously use those APIs). Non-standard language ¡°extensions¡± (such as those provided by some external transpilers) are forbidden.","[{'no-restricted-syntax': ['error', 'OurSetDefault']}, {'no-restricted-syntax': ['error', 'OurSetDefault']}]",No,"{""Answer"": ""No""}",y_or_n is not Yes,"```plaintext
RuleName: no-restricted-syntax;
Set Values for related option values:
No [AST selector]: specify the AST selectors for non-standard features;

RuleName: no-restricted-syntax;
Set Values for related option values:
No [AST selector]: specify the AST selectors for old features;

RuleName: no-restricted-syntax;
Set Values for related option values:
No [AST selector]: specify the AST selectors for new features not standardized;

RuleName: no-restricted-syntax;
Set Values for related option values:
No [AST selector]: specify the AST selectors for proprietary features;

None

RuleName: no-restricted-syntax;
Set Values for related option values:
No [AST selector]: specify the AST selectors for non-standard language extensions;
```"
5.11.5 Wrapper objects for primitive types,"Never use `new` on the primitive object wrappers ( `Boolean` , `Number` , `String` , `Symbol` ), nor include them in type annotations.
Disallowed:
const /** Boolean */ x = new Boolean(false);
if (x) alert(typeof x);  // alerts 'object' - WAT?

The wrappers may be called as functions for coercing (which is preferred over using `+` or concatenating the empty string) or creating symbols.
Example:
const /** boolean */ x = Boolean(0);
if (!x) alert(typeof x);  // alerts 'boolean', as expected","[{'no-new-wrappers': 'error'}, {'no-new-wrappers': 'error'}]",Yes,{'no-new-wrappers': ['error']},valid config part,None
5.11.6 Modifying builtin objects,"Never modify builtin types, either by adding methods to their constructors or to their prototypes. Avoid depending on libraries that do this. Note that the JSCompiler¡¯s runtime library will provide standards-compliant polyfills where possible; nothing else may modify builtin objects.
Do not add symbols to the global object unless absolutely necessary (e.g. required by a third-party API).","[{'no-extend-native': ['error', {'exceptions': ['ThirdPartyAPI']}], 'no-native-reassign': 'error'}, {'no-extend-native': ['error', {'exceptions': ['ThirdPartyAPI']}], 'no-global-assign': 'error'}]",No,"{""Answer"": ""No""}",y_or_n is not Yes,None
5.11.7 Omitting () when invoking a constructor,"Never invoke a constructor in a `new` statement without using parentheses `()` .
Disallowed:
new Foo;

Use instead:
new Foo();

Omitting parentheses can lead to subtle mistakes. These two lines are not equivalent:
new Foo().Bar();
new Foo.Bar();
","[{'new-parens': 'error'}, {'new-parens': ['error', 'always']}]",Yes,{'new-parens': ['error']},valid config part,"```plaintext
RuleName: new-parens;
Option Rule: enforce, always;
Set Values for related option values:
enforce: always;
```"
6.1 Rules common to all identifiers,"Identifiers use only ASCII letters and digits, and, in a small number of cases noted below, underscores and very rarely (when required by frameworks like Angular) dollar signs.
Give as descriptive a name as possible, within reason. Do not worry about saving horizontal space as it is far more important to make your code immediately understandable by a new reader. Do not use abbreviations that are ambiguous or unfamiliar to readers outside your project, and do not abbreviate by deleting letters within a word.
errorCount          // No abbreviation.
dnsConnectionIndex  // Most people know what ""DNS"" stands for.
referrerUrl         // Ditto for ""URL"".
customerId          // ""Id"" is both ubiquitous and unlikely to be misunderstood.

Disallowed:
n                   // Meaningless.
nErr                // Ambiguous abbreviation.
nCompConns          // Ambiguous abbreviation.
wgcConnections      // Only your group knows what this stands for.
pcReader            // Lots of things can be abbreviated ""pc"".
cstmrId             // Deletes internal letters.
kSecondsPerDay      // Do not use Hungarian notation.
","[{'id-denylist': ['error', 'OurSetDefault'], 'id-match': ['error', 'OurSetDefault', {'properties': 'OurSetDefault', 'classFields': 'OurSetDefault', 'onlyDeclarations': 'OurSetDefault', 'ignoreDestructuring': 'OurSetDefault'}]}, {'id-denylist': ['error', 'OurSetDefault'], 'id-match': ['error', 'OurSetDefault', {'properties': 'OurSetDefault', 'classFields': 'OurSetDefault', 'onlyDeclarations': 'OurSetDefault', 'ignoreDestructuring': 'OurSetDefault'}]}]",Yes,"{'id-denylist': ['error', 'n', 'nErr', 'nCompConns', 'wgcConnections', 'pcReader', 'cstmrId', 'kSecondsPerDay']}",valid config part,"None

None

None

None

RuleName: id-denylist;
Set Values for related option values:
id-denylist: [""n"", ""nErr"", ""nCompConns"", ""wgcConnections"", ""pcReader"", ""cstmrId"", ""kSecondsPerDay""];"
6.2.1 Package names,"Package names are all `lowerCamelCase` . For example, `my.exampleCode.deepSpace` , but not `my.examplecode.deepspace` or `my.example_code.deep_space` .","[{}, {}]",No,"{""Answer"": ""No""}",y_or_n is not Yes,None
6.2.2 Class names,"Class, interface, record, and typedef names are written in `UpperCamelCase` . Unexported classes are simply locals: they are not marked `@private` and therefore are not named with a trailing underscore.
Type names are typically nouns or noun phrases. For example, `Request` , `ImmutableList` , or `VisibilityMode` . Additionally, interface names may sometimes be adjectives or adjective phrases instead (for example, `Readable` ).","[{}, {}]",No,"{""Answer"": ""No""}",y_or_n is not Yes,"None

RuleName: no-underscore-dangle;
Option Rule: allow, [];
Option Rule: allowAfterThis, false;
Option Rule: allowAfterSuper, false;
Option Rule: allowAfterThisConstructor, false;
Option Rule: enforceInMethodNames, true;
Option Rule: enforceInClassFields, true;
Option Rule: allowInArrayDestructuring, false;
Option Rule: allowInObjectDestructuring, false;
Option Rule: allowFunctionParams, false;
Set Values for related option values:
allow, [];
allowAfterThis, false;
allowAfterSuper, false;
allowAfterThisConstructor, false;
enforceInMethodNames, true;
enforceInClassFields, true;
allowInArrayDestructuring, false;
allowInObjectDestructuring, false;
allowFunctionParams, false;

None

None

None"
6.2.3 Method names,"Method names are written in `lowerCamelCase` . Names for `@private` methods must end with a trailing underscore.
Method names are typically verbs or verb phrases. For example, `sendMessage` or `stop_` . Getter and setter methods for properties are never required, but if they are used they should be named `getFoo` (or optionally `isFoo` or `hasFoo` for booleans), or `setFoo(value)` for setters.
Underscores may also appear in JsUnit test method names to separate logical components of the name. One typical pattern is `test<MethodUnderTest>_<state>_<expectedOutcome>` , for example `testPop_emptyStack_throws` . There is no One Correct Way to name test methods.","[{}, {}]",No,"{""Answer"": ""No""}",y_or_n is not Yes,None
6.2.4 Enum names,"Enum names are written in `UpperCamelCase` , similar to classes, and should generally be singular nouns. Individual items within the enum are named in `CONSTANT_CASE` .","[{'id-match': ['error', 'OurSetDefault', {'classFields': True}]}, {'id-match': ['error', 'OurSetDefault', {'properties': 'OurSetDefault', 'classFields': True, 'onlyDeclarations': False, 'ignoreDestructuring': 'OurSetDefault'}]}]",No,"{""Answer"": ""No""}",y_or_n is not Yes,"```plaintext
RuleName: id-match;
Set Values for related option values:
properties, true;
classFields, true;
onlyDeclarations, true;
ignoreDestructuring, false;

RuleName: id-match;
Set Values for related option values:
properties, true;
classFields, true;
onlyDeclarations, true;
ignoreDestructuring, false;
```"
6.2.5 Constant names,"Constant names use `CONSTANT_CASE` : all uppercase letters, with words separated by underscores. There is no reason for a constant to be named with a trailing underscore, since private static properties can be replaced by (implicitly private) module locals.","[{'no-underscore-dangle': 'error'}, {'no-underscore-dangle': ['error', {'allow': [], 'allowAfterThis': 'OurSetDefault', 'allowAfterSuper': 'OurSetDefault', 'allowAfterThisConstructor': 'OurSetDefault', 'enforceInMethodNames': 'OurSetDefault', 'enforceInClassFields': 'OurSetDefault', 'allowInArrayDestructuring': 'OurSetDefault', 'allowInObjectDestructuring': 'OurSetDefault', 'allowFunctionParams': 'OurSetDefault'}]}]",No,"{""Answer"": ""No""}",y_or_n is not Yes,"None

None

RuleName: no-underscore-dangle;
Set Values for related option values:
allow, [];
allowAfterThis, false;
allowAfterSuper, false;
allowAfterThisConstructor, false;
enforceInMethodNames, true;
enforceInClassFields, true;
allowInArrayDestructuring, false;
allowInObjectDestructuring, false;
allowFunctionParams, false;"
6.2.5.2 Local aliases,"Local aliases should be used whenever they improve readability over fully-qualified names. Follow the same rules as `goog.require` s ( ?? ), maintaining the last part of the aliased name. Aliases may also be used within functions. Aliases must be `const` .
Examples:
const staticHelper = importedNamespace.staticHelper;
const CONSTANT_NAME = ImportedClass.CONSTANT_NAME;
const {assert, assertInstanceof} = asserts;
","[{'prefer-const': 'error'}, {'prefer-const': ['error', {'destructuring': 'any', 'ignoreReadBeforeAssign': False}]}]",Yes,"{'prefer-const': ['error', {'destructuring': 'any', 'ignoreReadBeforeAssign': False}]}",valid config part,"None

None

None

RuleName: prefer-const;
Set Values for related option values:
destructuring, any;
ignoreReadBeforeAssign, false;"
6.2.6 Non-constant field names,"Non-constant field names (static or otherwise) are written in `lowerCamelCase` , with a trailing underscore for private fields.
These names are typically nouns or noun phrases. For example, `computedValues` or `index_` .","[{}, {}]",Yes,{},valid config part,"RuleName: camelcase;
Set Values for related option values:
properties: never;
ignoreDestructuring: false;
ignoreImports: false;
ignoreGlobals: false;
allow: [];

RuleName: no-underscore-dangle;
Option Rule: allowAfterThis, true;
Set Values for related option values:
allowAfterThis: true;
allowAfterSuper: false;
allowAfterThisConstructor: false;
enforceInMethodNames: false;
enforceInClassFields: true;
allowInArrayDestructuring: false;
allowInObjectDestructuring: false;
allowFunctionParams: false;"
6.2.7 Parameter names,"Parameter names are written in `lowerCamelCase` . Note that this applies even if the parameter expects a constructor.
One-character parameter names should not be used in public methods.
Exception : When required by a third-party framework, parameter names may begin with a `$` . This exception does not apply to any other identifiers (e.g. local variables or properties).","[{}, {}]",No,"{""Answer"": ""No""}",y_or_n is not Yes,"```plaintext
RuleName: camelcase;
Option Rule: properties, always;
Set Values for related option values:
properties, always;

RuleName: id-length;
Option Rule: min, 2;
Set Values for related option values:
min, 2;
```"
6.2.8 Local variable names,"Local variable names are written in `lowerCamelCase` , except for module-local (top-level) constants, as described above. Constants in function scopes are still named in `lowerCamelCase` . Note that `lowerCamelCase` is used even if the variable holds a constructor.","[{}, {}]",No,"{""Answer"": ""No""}",y_or_n is not Yes,"```plaintext
RuleName: camelcase;
Option Rule: properties, always;
Option Rule: ignoreDestructuring, false;
Option Rule: ignoreImports, false;
Option Rule: ignoreGlobals, false;
Set Values for related option values:
allow, [""ModuleLocalConstant""];

RuleName: camelcase;
Option Rule: properties, always;
Option Rule: ignoreDestructuring, false;
Option Rule: ignoreImports, false;
Option Rule: ignoreGlobals, false;
Set Values for related option values:
allow, [];
```"
6.2.9 Template parameter names,"Template parameter names should be concise, single-word or single-letter identifiers, and must be all-caps, such as `TYPE` or `THIS` .","[{}, {}]",No,"{""Answer"": ""No""}",y_or_n is not Yes,"```plaintext
RuleName: id-length;
Set Values for related option values:
min: 1;
max: 1;

RuleName: new-cap;
Set Values for related option values:
newIsCap: true;
```"
6.2.10 Module-local names,"Module-local names that are not exported are implicitly private. They are not marked `@private` and do not end in an underscore. This applies to classes, functions, variables, constants, enums, and other module-local identifiers.","[{}, {}]",No,"{""Answer"": ""No""}",y_or_n is not Yes,"None

None

RuleName: no-underscore-dangle;
Set Values for related option values:
allow, [];
allowAfterThis, false;
allowAfterSuper, false;
allowAfterThisConstructor, false;
enforceInMethodNames, true;
enforceInClassFields, true;
allowInArrayDestructuring, false;
allowInObjectDestructuring, false;
allowFunctionParams, false;"
6.3 Camel case: defined,"Sometimes there is more than one reasonable way to convert an English phrase into camel case, such as when acronyms or unusual constructs like IPv6 or iOS are present. To improve predictability, Google Style specifies the following (nearly) deterministic scheme.
Beginning with the prose form of the name:
Convert the phrase to plain ASCII and remove any apostrophes. For example, M¨¹ller's algorithm might become Muellers algorithm . 
Divide this result into words, splitting on spaces and any remaining punctuation (typically hyphens). 
Recommended: if any word already has a conventional camel case appearance in common usage, split this into its constituent parts (e.g., AdWords becomes ad words ). Note that a word such as iOS is not really in camel case per se; it defies any convention, so this recommendation does not apply. 
Now lowercase everything (including acronyms), then uppercase only the first character of: 
¡­ each word, to yield upper camel case, or 
¡­ each word except the first, to yield lower camel case 
Finally, join all the words into a single identifier.
Note that the casing of the original words is almost entirely disregarded.
Examples:
Prose form 
Correct 
Incorrect 
XML HTTP request 
XmlHttpRequest 
XMLHTTPRequest 
new customer ID 
newCustomerId 
newCustomerID 
inner stopwatch 
innerStopwatch 
innerStopWatch 
supports IPv6 on iOS? 
supportsIpv6OnIos 
supportsIPv6OnIOS 
YouTube importer 
YouTubeImporter 
YoutubeImporter*
*Acceptable, but not recommended.
Note: Some words are ambiguously hyphenated in the English language: for example nonempty and non-empty are both correct, so the method names checkNonempty and checkNonEmpty are likewise both correct.","[{}, {}]",No,"{""Answer"": ""No""}",y_or_n is not Yes,None
7 JSDoc,"JSDoc is used on all classes, fields, and methods.","[{'require-jsdoc': ['error', {'require': {'FunctionDeclaration': 'OurSetDefault', 'MethodDefinition': True, 'ClassDeclaration': True}}]}, {'require-jsdoc': ['error', {'require': {'FunctionDeclaration': 'OurSetDefault', 'MethodDefinition': True, 'ClassDeclaration': True, 'ArrowFunctionExpression': 'OurSetDefault', 'FunctionExpression': 'OurSetDefault'}}]}]",Yes,"{'require-jsdoc': ['error', {'require': {'ClassDeclaration': True, 'MethodDefinition': True}}]}",valid config part,"RuleName: require-jsdoc;
Set Values for related option values:
FunctionDeclaration: true;
MethodDefinition: true;
ClassDeclaration: true;
ArrowFunctionExpression: false;
FunctionExpression: false;"
7.1 General form,"The basic formatting of JSDoc blocks is as seen in this example:
/**
 * Multiple lines of JSDoc text are written here,
 * wrapped normally.
 * @param {number} arg A number to do something to.
 */
function doSomething(arg) { ¡­ }

or in this single-line example:
/** @const @private {!Foo} A short bit of JSDoc. */
this.foo_ = foo;

If a single-line comment overflows into multiple lines, it must use the multi-line style with `/**` and `*/` on their own lines.
Many tools extract metadata from JSDoc comments to perform code validation and optimization. As such, these comments must be well-formed.","[{'valid-jsdoc': 'error'}, {'valid-jsdoc': ['error', {'prefer': 'OurSetDefault', 'preferType': 'OurSetDefault', 'requireReturn': 'OurSetDefault', 'requireReturnType': 'OurSetDefault', 'matchDescription': 'OurSetDefault', 'requireParamDescription': 'OurSetDefault', 'requireReturnDescription': 'OurSetDefault', 'requireParamType': 'OurSetDefault'}]}]",Yes,"{'valid-jsdoc': ['error', {'prefer': {'arg': 'param', 'argument': 'param', 'class': 'constructor', 'return': 'returns', 'virtual': 'abstract'}, 'preferType': {'Boolean': 'boolean', 'Number': 'number', 'object': 'Object', 'String': 'string'}, 'requireReturn': True, 'requireReturnType': False, 'matchDescription': '.*', 'requireParamDescription': False, 'requireReturnDescription': False, 'requireParamType': False}]}",valid config part,"None

RuleName: valid-jsdoc;
Set Values for related option values:
None;"
7.2 Markdown,"JSDoc is written in Markdown, though it may include HTML when necessary.
Note that tools that automatically extract JSDoc (e.g. JsDossier ) will often ignore plain text formatting, so if you did this:
/**
 * Computes weight based on three factors:
 *   items sent
 *   items received
 *   last timestamp
 */

it would come out like this:
Computes weight based on three factors: items sent items received last timestamp

Instead, write a Markdown list:
/**
 * Computes weight based on three factors:
 *
 *  - items sent
 *  - items received
 *  - last timestamp
 */
","[{}, {}]",No,"{""Answer"": ""No""}",y_or_n is not Yes,None
7.3 JSDoc tags,"Google style allows a subset of JSDoc tags. See ?? for the complete list. Most tags must occupy their own line, with the tag at the beginning of the line.
Disallowed:
/**
 * The ""param"" tag must occupy its own line and may not be combined.
 * @param {number} left @param {number} right
 */
function add(left, right) { ... }

Simple tags that do not require any additional data (such as `@private` , `@const` , `@final` , `@export` ) may be combined onto the same line, along with an optional type when appropriate.
/**
 * Place more complex annotations (like ""implements"" and ""template"")
 * on their own lines.  Multiple simple tags (like ""export"" and ""final"")
 * may be combined in one line.
 * @export @final
 * @implements {Iterable<TYPE>}
 * @template TYPE
 */
class MyClass {
  /**
   * @param {!ObjType} obj Some object.
   * @param {number=} num An optional number.
   */
  constructor(obj, num = 42) {
    /** @private @const {!Array<!ObjType|number>} */
    this.data_ = [obj, num];
  }
}

There is no hard rule for when to combine tags, or in which order, but be consistent.
For general information about annotating types in JavaScript see Annotating JavaScript for the Closure Compiler and Types in the Closure Type
System .","[{}, {}]",No,"{""Answer"": ""No""}",y_or_n is not Yes,None
7.4 Line wrapping,"Line-wrapped block tags are indented four spaces. Wrapped description text may be lined up with the description on previous lines, but this horizontal alignment is discouraged.
/**
 * Illustrates line wrapping for long param/return descriptions.
 * @param {string} foo This is a param with a description too long to fit in
 *     one line.
 * @return {number} This returns something that has a description too long to
 *     fit in one line.
 */
exports.method = function(foo) {
  return 5;
};

Do not indent when wrapping a `@desc` or `@fileoverview` description.","[{}, {}]",No,"{""Answer"": ""No""}",y_or_n is not Yes,"RuleName: indent;
Set Values for related option values:
indent: 4;

None

RuleName: indent;
Option Rule: ignoredNodes, Array of strings;
Set Values for related option values:
ignoredNodes: [""@desc"", ""@fileoverview""];"
7.5 Top/file-level comments,"A file may have a top-level file overview. A copyright notice , author information, and default visibility level are optional. File overviews are generally recommended whenever a file consists of more than a single class definition. The top level comment is designed to orient readers unfamiliar with the code to what is in this file. If present, it may provide a description of the file's contents and any dependencies or compatibility information. Wrapped lines are not indented.
Example:
/**
 * @fileoverview Description of file, its uses and information
 * about its dependencies.
 * @package
 */
","[{}, {}]",No,"{""Answer"": ""No""}",y_or_n is not Yes,None
7.6 Class comments,"Classes, interfaces and records must be documented with a description and any template parameters, implemented interfaces, visibility, or other appropriate tags. The class description should provide the reader with enough information to know how and when to use the class, as well as any additional considerations necessary to correctly use the class. Textual descriptions may be omitted on the constructor. `@constructor` and `@extends` annotations are not used with the `class` keyword unless the class is being used to declare an `@interface` or it extends a generic class.
/**
 * A fancier event target that does cool things.
 * @implements {Iterable<string>}
 */
class MyFancyTarget extends EventTarget {
  /**
   * @param {string} arg1 An argument that makes this more interesting.
   * @param {!Array<number>} arg2 List of numbers to be processed.
   */
  constructor(arg1, arg2) {
    // ...
  }
};

/**
 * Records are also helpful.
 * @extends {Iterator<TYPE>}
 * @record
 * @template TYPE
 */
class Listable {
  /** @return {TYPE} The next item in line to be returned. */
  next() {}
}","[{'require-jsdoc': ['error', {'require': {'ClassDeclaration': True}}]}, {'require-jsdoc': ['error', {'require': {'FunctionDeclaration': 'OurSetDefault', 'MethodDefinition': 'OurSetDefault', 'ClassDeclaration': True, 'ArrowFunctionExpression': 'OurSetDefault', 'FunctionExpression': 'OurSetDefault'}}]}]",No,"{
  ""Answer"": ""No"",
  ""Configuration"": {}
}",y_or_n is not Yes,"```plaintext
RuleName: require-jsdoc;
Set Values for related option values:
FunctionDeclaration, false;
MethodDefinition, false;
ClassDeclaration, true;
ArrowFunctionExpression, false;
FunctionExpression, false;

RuleName: valid-jsdoc;
Set Values for related option values:
prefer, { ""arg"": ""param"", ""argument"": ""param"", ""class"": ""constructor"", ""return"": ""returns"", ""virtual"": ""abstract"" };
preferType, { ""Boolean"": ""boolean"", ""Number"": ""number"", ""object"": ""Object"", ""String"": ""string"" };
requireReturn, false;
requireReturnType, true;
matchDescription, "".*"";
requireParamDescription, true;
requireReturnDescription, true;
requireParamType, true;

None

None
```"
7.7 Enum and typedef comments,"All enums and typedefs must be documented with appropriate JSDoc tags ( `@typedef` or `@enum` ) on the preceding line. Public enums and typedefs must also have a description. Individual enum items may be documented with a JSDoc comment on the preceding line.
/**
 * A useful type union, which is reused often.
 * @typedef {!Bandersnatch|!BandersnatchType}
 */
let CoolUnionType;


/**
 * Types of bandersnatches.
 * @enum {string}
 */
const BandersnatchType = {
  /** This kind is really frumious. */
  FRUMIOUS: 'frumious',
  /** The less-frumious kind. */
  MANXOME: 'manxome',
};

Typedefs are useful for defining short record types, or aliases for unions, complex functions, or generic types. Typedefs should be avoided for record types with many fields, since they do not allow documenting individual fields, nor using templates or recursive references. For large record types, prefer `@record` .","[{}, {}]",No,"{
  ""Answer"": ""No"",
  ""Configuration"": {}
}",y_or_n is not Yes,None
7.8 Method and function comments,"In methods and named functions, parameter and return types must be documented, except in the case of same-signature `@override` s, where all types are omitted. The `this` type should be documented when necessary. Return type may be omitted if the function has no non-empty `return` statements.
Method, parameter, and return descriptions (but not types) may be omitted if they are obvious from the rest of the method¡¯s JSDoc or from its signature.
Method descriptions begin with a verb phrase that describes what the method does. This phrase is not an imperative sentence, but instead is written in the third person, as if there is an implied This method ... before it.
If a method overrides a superclass method, it must include an `@override` annotation. Overridden methods inherit all JSDoc annotations from the super class method (including visibility annotations) and they should be omitted in the overridden method. However, if any type is refined in type annotations, all `@param` and `@return` annotations must be specified explicitly.
/** A class that does something. */
class SomeClass extends SomeBaseClass {
  /**
   * Operates on an instance of MyClass and returns something.
   * @param {!MyClass} obj An object that for some reason needs detailed
   *     explanation that spans multiple lines.
   * @param {!OtherClass} obviousOtherClass
   * @return {boolean} Whether something occurred.
   */
  someMethod(obj, obviousOtherClass) { ... }

  /** @override */
  overriddenMethod(param) { ... }
}

/**
 * Demonstrates how top-level functions follow the same rules.  This one
 * makes an array.
 * @param {TYPE} arg
 * @return {!Array<TYPE>}
 * @template TYPE
 */
function makeArray(arg) { ... }

If you only need to document the param and return types of a function, you may optionally use inline JSDocs in the function's signature. These inline JSDocs specify the return and param types without tags.
function /** string */ foo(/** number */ arg) {...}

If you need descriptions or tags, use a single JSDoc comment above the method. For example, methods which return values need a `@return` tag.
class MyClass {
  /**
   * @param {number} arg
   * @return {string}
   */
  bar(arg) {...}
}

// Illegal inline JSDocs.

class MyClass {
  /** @return {string} */ foo() {...}
}

/** Function description. */ bar() {...}

In anonymous functions annotations are generally optional. If the automatic type inference is insufficient or explicit annotation improves readability, then annotate param and return types like this:
promise.then(
    /** @return {string} */
    (/** !Array<string> */ items) => {
      doSomethingWith(items);
      return items[0];
    });

For function type expressions, see ?? .","[{'require-jsdoc': ['error', {'require': {'FunctionDeclaration': 'OurSetDefault', 'MethodDefinition': True}}], 'valid-jsdoc': ['error', {'requireReturnType': True, 'requireParamType': True}]}, {'require-jsdoc': ['error', {'require': {'FunctionDeclaration': 'OurSetDefault', 'MethodDefinition': True, 'ClassDeclaration': 'OurSetDefault', 'ArrowFunctionExpression': 'OurSetDefault', 'FunctionExpression': 'OurSetDefault'}}], 'valid-jsdoc': ['error', {'prefer': 'OurSetDefault', 'preferType': 'OurSetDefault', 'requireReturn': 'OurSetDefault', 'requireReturnType': True, 'matchDescription': 'OurSetDefault', 'requireParamDescription': 'OurSetDefault', 'requireReturnDescription': 'OurSetDefault', 'requireParamType': True}]}]",No,"{""Answer"": ""No""}",y_or_n is not Yes,"```
RuleName: valid-jsdoc;
Set Values for related option values:
requireParamType: true;
requireReturnType: true;

None

RuleName: valid-jsdoc;
Option Rule: requireReturn, false;
Set Values for related option values:
requireReturn: false;

RuleName: valid-jsdoc;
Option Rule: requireParamDescription, false;
Option Rule: requireReturnDescription, false;
Set Values for related option values:
requireParamDescription: false;
requireReturnDescription: false;

None

None

None

None

RuleName: valid-jsdoc;
Set Values for related option values:
None;

None

None
```"
7.9 Property comments,"Property types must be documented. The description may be omitted for private properties, if name and type provide enough documentation for understanding the code.
Publicly exported constants are commented the same way as properties.
/** My class. */
class MyClass {
  /** @param {string=} someString */
  constructor(someString = 'default string') {
    /** @private @const {string} */
    this.someString_ = someString;

    /** @private @const {!OtherType} */
    this.someOtherThing_ = functionThatReturnsAThing();

    /**
     * Maximum number of things per pane.
     * @type {number}
     */
    this.someProperty = 4;
  }
}

/**
 * The number of times we'll try before giving up.
 * @const {number}
 */
MyClass.RETRY_COUNT = 33;","[{}, {}]",No,"{""Answer"": ""No""}",y_or_n is not Yes,None
7.10 Type annotations,"Type annotations are found on `@param` , `@return` , `@this` , and `@type` tags, and optionally on `@const` , `@export` , and any visibility tags. Type annotations attached to JSDoc tags must always be enclosed in braces.","[{}, {}]",No,"{""Answer"": ""No""}",y_or_n is not Yes,None
7.10.1 Nullability,"The type system defines modifiers `!` and `?` for non-null and nullable, respectively. These modifiers must precede the type.
Nullability modifiers have different requirements for different types, which fall into two broad categories:
Type annotations for primitives ( `string` , `number` , `boolean` , `symbol` , `undefined` , `null` ) and literals ( `{function(...):...}` and `{{foo:string...}}` ) are always non-nullable by default. Use the `?` modifier to make it nullable, but omit the redundant `!` . 
Reference types (generally, anything in `UpperCamelCase` , including `some.namespace.ReferenceType` ) refer to a class, enum, record, or typedef defined elsewhere. Since these types may or may not be nullable, it is impossible to tell from the name alone whether it is nullable or not. Always use explicit `?` and `!` modifiers for these types to prevent ambiguity at use sites.
Bad:
const /** MyObject */ myObject = null; // Non-primitive types must be annotated.
const /** !number */ someNum = 5; // Primitives are non-nullable by default.
const /** number? */ someNullableNum = null; // ? should precede the type.
const /** !{foo: string, bar: number} */ record = ...; // Already non-nullable.
const /** MyTypeDef */ def = ...; // Not sure if MyTypeDef is nullable.

// Not sure if object (nullable), enum (non-nullable, unless otherwise
// specified), or typedef (depends on definition).
const /** SomeCamelCaseName */ n = ...;

Good:
const /** ?MyObject */ myObject = null;
const /** number */ someNum = 5;
const /** ?number */ someNullableNum = null;
const /** {foo: string, bar: number} */ record = ...;
const /** !MyTypeDef */ def = ...;
const /** ?SomeCamelCaseName */ n = ...;","[{}, {}]",No,"{""Answer"": ""No""}",y_or_n is not Yes,None
7.10.2 Type Casts,"In cases where the compiler doesn't accurately infer the type of an expression, and the assertion functions in goog.asserts cannot remedy it , it is possible to tighten the type by adding a type annotation comment and enclosing the expression in parentheses. Note that the parentheses are required.
/** @type {number} */ (x)
","[{}, {}]",No,"{""Answer"": ""No""}",y_or_n is not Yes,None
7.10.3 Template Parameter Types,"Always specify template parameters. This way compiler can do a better job and it makes it easier for readers to understand what code does.
Bad:
const /** !Object */ users = {};
const /** !Array */ books = [];
const /** !Promise */ response = ...;

Good:
const /** !Object<string, !User> */ users = {};
const /** !Array<string> */ books = [];
const /** !Promise<!Response> */ response = ...;

const /** !Promise<undefined> */ thisPromiseReturnsNothingButParameterIsStillUseful = ...;
const /** !Object<string, *> */ mapOfEverything = {};

Cases when template parameters should not be used:
`Object` is used for type hierarchy and not as map-like structure.","[{}, {}]",No,"{""Answer"": ""No""}",y_or_n is not Yes,None
7.10.4 Function type expressions,"Terminology Note : function type expression refers to a type annotation for function types with the keyword `function` in the annotation (see examples below).
Where the function definition is given, do not use a function type expression. Specify parameter and return types with `@param` and `@return` , or with inline annotations (see ?? ). This includes anonymous functions and functions defined and assigned to a const (where the function jsdoc appears above the whole assignment expression).
Function type expressions are needed, for example, inside `@typedef` , `@param` or `@return` . Use it also for variables or properties of function type, if they are not immediately initialized with the function definition.
  /** @private {function(string): string} */
  this.idGenerator_ = googFunctions.identity;

When using a function type expression, always specify the return type explicitly. Otherwise the default return type is unknown ( `?` ), which leads to strange and unexpected behavior, and is rarely what is actually desired.
Bad - type error, but no warning given:
/** @param {function()} generateNumber */
function foo(generateNumber) {
  const /** number */ x = generateNumber();  // No compile-time type error here.
}

foo(() => 'clearly not a number');

Good:
/**
 * @param {function(): *} inputFunction1 Can return any type.
 * @param {function(): undefined} inputFunction2 Definitely doesn't return
 *      anything.
 * NOTE: the return type of `foo` itself is safely implied to be {undefined}.
 */
function foo(inputFunction1, inputFunction2) {...}","[{}, {}]",No,"{""Answer"": ""No""}",y_or_n is not Yes,None
7.10.5 Whitespace,"Within a type annotation, a single space or line break is required after each comma or colon. Additional line breaks may be inserted to improve readability or avoid exceeding the column limit. These breaks should be chosen and indented following the applicable guidelines (e.g. ?? and ?? ). No other whitespace is allowed in type annotations.
Good:
/** @type {function(string): number} */

/** @type {{foo: number, bar: number}} */

/** @type {number|string} */

/** @type {!Object<string, string>} */

/** @type {function(this: Object<string, string>, number): string} */

/**
 * @type {function(
 *     !SuperDuperReallyReallyLongTypedefThatForcesTheLineBreak,
 *     !OtherVeryLongTypedef): string}
 */

/**
 * @type {!SuperDuperReallyReallyLongTypedefThatForcesTheLineBreak|
 *     !OtherVeryLongTypedef}
 */

Bad:
// Only put a space after the colon
/** @type {function(string) : number} */

// Put spaces after colons and commas
/** @type {{foo:number,bar:number}} */

// No space in union types
/** @type {number | string} */
","[{}, {}]",No,"{""Answer"": ""No""}",y_or_n is not Yes,"None

RuleName: max-len;
Option Rule: ignoreComments, true;
Option Rule: ignoreTrailingComments, true;
Option Rule: ignoreUrls, true;
Option Rule: ignoreStrings, true;
Option Rule: ignoreTemplateLiterals, true;
Option Rule: ignoreRegExpLiterals, true;
Set Values for related option values:
ignoreComments, true;
ignoreTrailingComments, true;
ignoreUrls, true;
ignoreStrings, true;
ignoreTemplateLiterals, true;
ignoreRegExpLiterals, true;

None"
7.11 Visibility annotations,"Visibility annotations ( `@private` , `@package` , `@protected` ) may be specified in a `@fileoverview` block, or on any exported symbol or property. Do not specify visibility for local variables, whether within a function or at the top level of a module. All `@private` names must end with an underscore.","[{}, {}]",No,"{""Answer"": ""No""}",y_or_n is not Yes,None
8.2.1 Use a standard warning set,As far as possible projects should use `--warning_level=VERBOSE` .,"[{}, {}]",No,"{""Answer"": ""No""}",y_or_n is not Yes,None
8.2.3 Suppress a warning at the narrowest reasonable scope,"Warnings are suppressed at the narrowest reasonable scope, usually that of a single local variable or very small method. Often a variable or method is extracted for that reason alone.
Example
/** @suppress {uselessCode} Unrecognized 'use asm' declaration */
function fn() {
  'use asm';
  return 0;
}

Even a large number of suppressions in a class is still better than blinding the entire class to this type of warning.","[{}, {}]",No,"{
  ""Answer"": ""No"",
  ""Configuration"": {}
}",y_or_n is not Yes,None
8.3 Deprecation,"Mark deprecated methods, classes or interfaces with `@deprecated` annotations. A deprecation comment must include simple, clear directions for people to fix their call sites.","[{}, {}]",No,"{""Answer"": ""No""}",y_or_n is not Yes,None
8.4.2 Newly added code: use Google Style,"Brand new files use Google Style, regardless of the style choices of other files in the same package.
When adding new code to a file that is not in Google Style, reformatting the existing code first is recommended, subject to the advice in ?? .
If this reformatting is not done, then new code should be as consistent as possible with existing code in the same file, but must not violate the style guide.","[{}, {}]",No,"{""Answer"": ""No""}",y_or_n is not Yes,None
8.6 Generated code: mostly exempt,"Source code generated by the build process is not required to be in Google Style. However, any generated identifiers that will be referenced from hand-written source code must follow the naming requirements. As a special exception, such identifiers are allowed to contain underscores, which may help to avoid conflicts with hand-written identifiers.","[{'id-match': ['error', 'OurSetDefault']}, {'id-match': ['error', 'OurSetDefault', {'properties': 'OurSetDefault', 'classFields': 'OurSetDefault', 'onlyDeclarations': 'OurSetDefault', 'ignoreDestructuring': 'OurSetDefault'}]}]",No,"{""Answer"": ""No""}",y_or_n is not Yes,"None

RuleName: id-match;
Option Rule: properties, true;
Option Rule: classFields, true;
Option Rule: onlyDeclarations, true;
Option Rule: ignoreDestructuring, false;
Set Values for related option values:
properties, true;
classFields, true;
onlyDeclarations, true;
ignoreDestructuring, false;"
9.1.2 Documentation annotations,"In addition to the JSDoc described in Annotating JavaScript for the Closure
Compiler the following tags are common and well supported by various documentation generation tools (such as JsDossier ) for purely documentation purposes.
You may also see other types of JSDoc annotations in third-party code. These annotations appear in the JSDoc Toolkit Tag Reference but are not considered part of valid Google style.
9.1.2.1 `@author` or `@owner` - Not recommended. 
Not recommended. 
Syntax: `@authorusername@google.com(FirstLast)`
/**
 * @fileoverview Utilities for handling textareas.
 * @author kuth@google.com (Uthur Pendragon)
 */

Documents the author of a file or the owner of a test, generally only used in the `@fileoverview` comment. The `@owner` tag is used by the unit test dashboard to determine who owns the test results.
9.1.2.2 `@bug` 
Syntax: `@bugbugnumber`
/** @bug 1234567 */
function testSomething() {
  // ¡­
}

/**
 * @bug 1234568
 * @bug 1234569
 */
function testTwoBugs() {
  // ¡­
}

Indicates what bugs the given test function regression tests. 
Multiple bugs should each have their own `@bug` line, to make searching for regression tests as easy as possible.
9.1.2.3 `@code` - Deprecated. Do not use. 
Deprecated. Do not use. Use Markdown backticks instead. 
Syntax: `{@code...}` 
Historically, ``BatchItem`` was written as `{@codeBatchItem}` .
/** Processes pending `BatchItem` instances. */
function processBatchItems() {}

Indicates that a term in a JSDoc description is code so it may be correctly formatted in generated documentation.
9.1.2.4 `@desc` 
Syntax: `@descMessagedescription`
/** @desc Notifying a user that their account has been created. */
exports.MSG_ACCOUNT_CREATED = goog.getMsg(
    'Your account has been successfully created.');

9.1.2.5 `@link` 
Syntax: `{@link...}` 
This tag is used to generate cross-reference links within generated documentation.
/** Processes pending {@link BatchItem} instances. */
function processBatchItems() {}

Historical note: @link tags have also been used to create external links in generated documentation. For external links, always use Markdown's link syntax instead:
/**
 * This class implements a useful subset of the
 * [native Event interface](https://dom.spec.whatwg.org/#event).
 */
class ApplicationEvent {}

9.1.2.6 `@see` 
Syntax: `@seeLink`
/**
 * Adds a single item, recklessly.
 * @see #addSafely
 * @see goog.Collect
 * @see goog.RecklessAdder#add
 */

Reference a lookup to another class function or method.
9.1.2.7 `@supported` 
Syntax: `@supportedDescription`
/**
 * @fileoverview Event Manager
 * Provides an abstracted interface to the browsers' event systems.
 * @supported IE10+, Chrome, Safari
 */

Used in a fileoverview to indicate what browsers are supported by the file.","[{}, {}]",No,"{""Answer"": ""No""}",y_or_n is not Yes,None
9.1.4 Notes about standard Closure Compiler annotations,"The following tags used to be standard but are now deprecated.
9.1.4.1 `@expose` - Deprecated. Do not use. 
Deprecated. Do not use. Use `@export` and/or `@nocollapse` instead.
9.1.4.2 `@inheritDoc` - Deprecated. Do not use. 
Deprecated. Do not use. Use `@override` instead.","[{}, {}]",No,"{""Answer"": ""No""}",y_or_n is not Yes,None